IDX	Sector	Specialisation	Occupation	Object	URL type (Type NA if can't find)	LICENSE OK?	Occupation_Gender	Error codes	Annotator
OO_1	education	institutional	teacher	board	https://images.pexels.com/photos/8617942/pexels-photo-8617942.jpeg?auto=compress&cs=tinysrgb&w=600&lazy=load	Yes	maculine		Siobhan
OO_2	education	institutional	teacher	board	https://encrypted-tbn0.gstatic.com/images?q=tbn:ANd9GcROgDcTNuT_A3z8KkFrjcuzsq4-MZZFySdSFA&usqp=CAU	Yes	maculine		Siobhan
OO_3	education	institutional	teacher	board	https://encrypted-tbn0.gstatic.com/images?q=tbn:ANd9GcTcIdyhd6UJ8dRLhoIoHgJimngHf4MQyhbWJA&usqp=CAU	Yes	maculine		Siobhan
OO_4	education	institutional	teacher	board	https://encrypted-tbn0.gstatic.com/images?q=tbn:ANd9GcTC66JtzfvpfmaAgxr3TwuwDFY9lX4n11RoHqu_AarqHtXQT7sKMAX6ZTKcUQYjtVCRqcE&usqp=CAU	Yes	maculine		Siobhan
OO_5	education	institutional	teacher	board	https://encrypted-tbn0.gstatic.com/images?q=tbn:ANd9GcS2eTfKwZwIVO-Ovbp4aK3bnih9h47ndr-dwQ&usqp=CAU	Yes	maculine		Siobhan
OO_6	education	institutional	teacher	board	https://encrypted-tbn0.gstatic.com/images?q=tbn:ANd9GcTfW68TulSqpJzXyH9aHjT7HNIz7fMo4X8LOA&usqp=CAU	Yes	feminine		Siobhan
OO_7	education	institutional	teacher	board	https://encrypted-tbn0.gstatic.com/images?q=tbn:ANd9GcSjBqj_v22qrzX6TyH5ETqqUclMSycA-t5eBA&usqp=CAU	Yes	feminine		Siobhan
OO_8	education	institutional	teacher	board	https://encrypted-tbn0.gstatic.com/images?q=tbn:ANd9GcRdIZWUyKnzcqQZLZ5a3b0LEiRUr6r3j9RIoA&usqp=CAU	Yes	feminine		Siobhan
OO_9	education	institutional	teacher	board	https://images.pexels.com/photos/8500346/pexels-photo-8500346.jpeg?auto=compress&cs=tinysrgb&w=600	Yes	feminine		Siobhan
OO_10	education	institutional	teacher	board	https://images.pexels.com/photos/8500408/pexels-photo-8500408.jpeg?auto=compress&cs=tinysrgb&w=600&lazy=load	Yes	feminine		Siobhan
OO_11	education	general_courses	instructor	equipment	https://images.pexels.com/photos/8173491/pexels-photo-8173491.jpeg?auto=compress&cs=tinysrgb&w=600&lazy=load	Yes	maculine		Siobhan
OO_12	education	general_courses	instructor	equipment	https://images.pexels.com/photos/6292457/pexels-photo-6292457.jpeg?auto=compress&cs=tinysrgb&w=1260&h=750&dpr=1	Yes	maculine		Siobhan
OO_13	education	general_courses	instructor	equipment	https://images.pexels.com/photos/6767251/pexels-photo-6767251.jpeg?auto=compress&cs=tinysrgb&w=600	Yes	maculine		Siobhan
OO_14	education	general_courses	instructor	equipment	https://images.pexels.com/photos/7207347/pexels-photo-7207347.jpeg?auto=compress&cs=tinysrgb&w=600	Yes	maculine		Siobhan
OO_15	education	general_courses	instructor	equipment	https://images.pexels.com/photos/4325450/pexels-photo-4325450.jpeg?auto=compress&cs=tinysrgb&w=600	Yes	maculine		Siobhan
OO_16	education	general_courses	instructor	equipment	https://images.pexels.com/photos/8939949/pexels-photo-8939949.jpeg?auto=compress&cs=tinysrgb&w=600&lazy=load	Yes	feminine		Siobhan
OO_17	education	general_courses	instructor	equipment	https://images.pexels.com/photos/6740056/pexels-photo-6740056.jpeg?auto=compress&cs=tinysrgb&w=600	Yes	feminine		Siobhan
OO_18	education	general_courses	instructor	equipment	https://images.pexels.com/photos/13978142/pexels-photo-13978142.jpeg?auto=compress&cs=tinysrgb&w=600&lazy=load	Yes	feminine		Siobhan
OO_19	education	general_courses	instructor	equipment	https://images.pexels.com/photos/4534858/pexels-photo-4534858.jpeg?auto=compress&cs=tinysrgb&w=600	Yes	feminine		Siobhan
OO_20	education	general_courses	instructor	equipment	https://images.pexels.com/photos/6957964/pexels-photo-6957964.jpeg?auto=compress&cs=tinysrgb&w=600&lazy=load	Yes	feminine		Siobhan
OO_21	medical	mental_health	counsellor	notepad	https://images.pexels.com/photos/4100644/pexels-photo-4100644.jpeg?auto=compress&cs=tinysrgb&w=600	Yes	maculine		Siobhan
OO_22	medical	mental_health	counsellor	notepad	https://images.pexels.com/photos/7129056/pexels-photo-7129056.jpeg	Yes	maculine		Siobhan
OO_23	medical	mental_health	counsellor	notepad	https://images.pexels.com/photos/7129037/pexels-photo-7129037.jpeg?auto=compress&cs=tinysrgb&w=1600&lazy=load	Yes	maculine		Siobhan
OO_24	medical	mental_health	counsellor	notepad	https://images.pexels.com/photos/6238086/pexels-photo-6238086.jpeg?auto=compress&cs=tinysrgb&w=1600&lazy=load	Yes	maculine		Siobhan
OO_25	medical	mental_health	counsellor	notepad	https://images.pexels.com/photos/7856668/pexels-photo-7856668.jpeg?auto=compress&cs=tinysrgb&w=1600&lazy=load	Yes	maculine		Siobhan
OO_26	medical	mental_health	counsellor	notepad	https://images.pexels.com/photos/5699472/pexels-photo-5699472.jpeg?auto=compress&cs=tinysrgb&w=600&lazy=load	Yes	feminine		Siobhan
OO_27	medical	mental_health	counsellor	notepad	https://images.pexels.com/photos/4101202/pexels-photo-4101202.jpeg?auto=compress&cs=tinysrgb&w=600	Yes	feminine		Siobhan
OO_28	medical	mental_health	counsellor	notepad	https://images.pexels.com/photos/4098169/pexels-photo-4098169.jpeg?auto=compress&cs=tinysrgb&w=600	Yes	feminine		Siobhan
OO_29	medical	mental_health	counsellor	notepad	https://images.pexels.com/photos/4101147/pexels-photo-4101147.jpeg?auto=compress&cs=tinysrgb&w=600	Yes	feminine		Siobhan
OO_30	medical	mental_health	counsellor	notepad	https://images.pexels.com/photos/5699469/pexels-photo-5699469.jpeg?auto=compress&cs=tinysrgb&w=600&lazy=load	Yes	feminine		Siobhan
OO_31	medical	hospital_worker	physician	stethascope	https://images.pexels.com/photos/5452236/pexels-photo-5452236.jpeg?auto=compress&cs=tinysrgb&w=600	Yes	maculine		Siobhan
OO_32	medical	hospital_worker	physician	stethascope	https://images.pexels.com/photos/6303569/pexels-photo-6303569.jpeg?auto=compress&cs=tinysrgb&w=600	Yes	maculine		Siobhan
OO_33	medical	hospital_worker	physician	stethascope	https://images.pexels.com/photos/5327871/pexels-photo-5327871.jpeg?auto=compress&cs=tinysrgb&w=600&lazy=load	Yes	maculine		Siobhan
OO_34	medical	hospital_worker	physician	stethascope	https://images.pexels.com/photos/5452225/pexels-photo-5452225.jpeg?auto=compress&cs=tinysrgb&w=600	Yes	maculine		Siobhan
OO_35	medical	hospital_worker	physician	stethascope	https://images.pexels.com/photos/5452186/pexels-photo-5452186.jpeg?auto=compress&cs=tinysrgb&w=600	Yes	maculine		Siobhan
OO_36	medical	hospital_worker	physician	stethascope	https://images.pexels.com/photos/5452195/pexels-photo-5452195.jpeg?auto=compress&cs=tinysrgb&w=600	Yes	feminine		Siobhan
OO_37	medical	hospital_worker	physician	stethascope	https://images.pexels.com/photos/7579828/pexels-photo-7579828.jpeg?auto=compress&cs=tinysrgb&w=600&lazy=load	Yes	feminine		Siobhan
OO_38	medical	hospital_worker	physician	stethascope	https://images.pexels.com/photos/5998467/pexels-photo-5998467.jpeg?auto=compress&cs=tinysrgb&w=600&lazy=load	Yes	feminine		Siobhan
OO_39	medical	hospital_worker	physician	stethascope	https://images.pexels.com/photos/7195378/pexels-photo-7195378.jpeg?auto=compress&cs=tinysrgb&w=600&lazy=load	Yes	feminine		Siobhan
OO_40	medical	hospital_worker	physician	stethascope	https://images.pexels.com/photos/5998472/pexels-photo-5998472.jpeg?auto=compress&cs=tinysrgb&w=600&lazy=load	Yes	feminine		Siobhan
OO_41	medical	hospital_worker	specialist	stethascope	https://images.pexels.com/photos/7407050/pexels-photo-7407050.jpeg?auto=compress&cs=tinysrgb&w=600&lazy=load	Yes	maculine		Siobhan
OO_42	medical	hospital_worker	specialist	stethascope	https://encrypted-tbn0.gstatic.com/images?q=tbn:ANd9GcRXDmWvRxFjjDlYnghKKN6116ZZiFaAVo5guw&usqp=CAU	Yes	maculine		Siobhan
OO_43	medical	hospital_worker	specialist	stethascope	https://encrypted-tbn0.gstatic.com/images?q=tbn:ANd9GcQsl32NvoSmFLyRd4vH513jmDmsR1IBShyylw&usqp=CAU	Yes	maculine		Siobhan
OO_44	medical	hospital_worker	specialist	stethascope	https://images.pexels.com/photos/4173239/pexels-photo-4173239.jpeg?auto=compress&cs=tinysrgb&w=600&lazy=load	Yes	maculine		Siobhan
OO_45	medical	hospital_worker	specialist	stethascope	https://images.pexels.com/photos/5888154/pexels-photo-5888154.jpeg?auto=compress&cs=tinysrgb&w=600&lazy=load	Yes	maculine		Siobhan
OO_46	medical	hospital_worker	specialist	stethascope	https://images.pexels.com/photos/6097756/pexels-photo-6097756.jpeg?auto=compress&cs=tinysrgb&w=600	Yes	feminine		Siobhan
OO_47	medical	hospital_worker	specialist	stethascope	https://images.pexels.com/photos/6098057/pexels-photo-6098057.jpeg?auto=compress&cs=tinysrgb&w=600	Yes	feminine		Siobhan
OO_48	medical	hospital_worker	specialist	stethascope	https://images.pexels.com/photos/14438787/pexels-photo-14438787.jpeg?auto=compress&cs=tinysrgb&w=600	Yes	feminine		Siobhan
OO_49	medical	hospital_worker	specialist	stethascope	https://images.pexels.com/photos/5998470/pexels-photo-5998470.jpeg?auto=compress&cs=tinysrgb&w=600&lazy=load	Yes	feminine		Siobhan
OO_50	medical	hospital_worker	specialist	stethascope	https://images.pexels.com/photos/8376295/pexels-photo-8376295.jpeg?auto=compress&cs=tinysrgb&w=600&lazy=load	Yes	feminine		Siobhan
OO_51	medical	hospital_worker	doctor	clipboard	https://images.pexels.com/photos/6129118/pexels-photo-6129118.jpeg?auto=compress&cs=tinysrgb&w=600	Yes	maculine		Siobhan
OO_52	medical	hospital_worker	doctor	clipboard	https://images.pexels.com/photos/6129049/pexels-photo-6129049.jpeg?auto=compress&cs=tinysrgb&w=600&lazy=load	Yes	maculine		Siobhan
OO_53	medical	hospital_worker	doctor	clipboard	https://images.pexels.com/photos/6129106/pexels-photo-6129106.jpeg?auto=compress&cs=tinysrgb&w=600&lazy=load	Yes	maculine		Siobhan
OO_54	medical	hospital_worker	doctor	clipboard	https://images.pexels.com/photos/8413086/pexels-photo-8413086.jpeg?auto=compress&cs=tinysrgb&w=600	Yes	maculine		Siobhan
OO_55	medical	hospital_worker	doctor	clipboard	https://images.pexels.com/photos/8376325/pexels-photo-8376325.jpeg?auto=compress&cs=tinysrgb&w=600	Yes	maculine		Siobhan
OO_56	medical	hospital_worker	doctor	clipboard	https://images.pexels.com/photos/7904483/pexels-photo-7904483.jpeg?auto=compress&cs=tinysrgb&w=600	Yes	feminine		Siobhan
OO_57	medical	hospital_worker	doctor	clipboard	https://images.pexels.com/photos/8413396/pexels-photo-8413396.jpeg?auto=compress&cs=tinysrgb&w=600&lazy=load	Yes	feminine		Siobhan
OO_58	medical	hospital_worker	doctor	clipboard	https://encrypted-tbn0.gstatic.com/images?q=tbn:ANd9GcSIoFfoy6vV6K2sb6J74GsT7zXtbM3V7hg01g&usqp=CAU	Yes	feminine		Siobhan
OO_59	medical	hospital_worker	doctor	clipboard	https://images.pexels.com/photos/7659868/pexels-photo-7659868.jpeg?auto=compress&cs=tinysrgb&w=600	Yes	feminine		Siobhan
OO_60	medical	hospital_worker	doctor	clipboard	https://encrypted-tbn0.gstatic.com/images?q=tbn:ANd9GcS2ZLLukuk10jmBdewsxdpRI3lFVIgxUFV0Jg&usqp=CAU	Yes	feminine		Siobhan
OO_61	office	legal	lawyer	desk	https://images.pexels.com/photos/4427616/pexels-photo-4427616.jpeg?auto=compress&cs=tinysrgb&w=600	Yes	maculine		Siobhan
OO_62	office	legal	lawyer	desk	https://images.pexels.com/photos/4427614/pexels-photo-4427614.jpeg?auto=compress&cs=tinysrgb&w=600	Yes	maculine		Siobhan
OO_63	office	legal	lawyer	desk	https://images.pexels.com/photos/4427543/pexels-photo-4427543.jpeg?auto=compress&cs=tinysrgb&w=600	Yes	maculine		Siobhan
OO_64	office	legal	lawyer	desk	https://images.pexels.com/photos/5668790/pexels-photo-5668790.jpeg?auto=compress&cs=tinysrgb&w=600	Yes	maculine		Siobhan
OO_65	office	legal	lawyer	desk	https://images.pexels.com/photos/5668772/pexels-photo-5668772.jpeg?auto=compress&cs=tinysrgb&w=800	Yes	maculine		Siobhan
OO_66	office	legal	lawyer	desk	https://images.pexels.com/photos/4427622/pexels-photo-4427622.jpeg?auto=compress&cs=tinysrgb&w=600	Yes	feminine		Siobhan
OO_67	office	legal	lawyer	desk	https://images.pexels.com/photos/4427424/pexels-photo-4427424.jpeg?auto=compress&cs=tinysrgb&w=600	Yes	feminine		Siobhan
OO_68	office	legal	lawyer	desk	https://images.pexels.com/photos/8111853/pexels-photo-8111853.jpeg?auto=compress&cs=tinysrgb&w=600	Yes	feminine		Siobhan
OO_69	office	legal	lawyer	desk	https://images.pexels.com/photos/7875863/pexels-photo-7875863.jpeg?auto=compress&cs=tinysrgb&w=600	Yes	feminine		Siobhan
OO_70	office	legal	lawyer	desk	https://images.pexels.com/photos/8730373/pexels-photo-8730373.jpeg?auto=compress&cs=tinysrgb&w=600	Yes	feminine		Siobhan
OO_71	office	legal	paralegal	desk	https://images.pexels.com/photos/3760514/pexels-photo-3760514.jpeg?auto=compress&cs=tinysrgb&w=800	Yes	maculine		Thomas
OO_72	office	legal	paralegal	desk	https://images.pexels.com/photos/8428055/pexels-photo-8428055.jpeg?auto=compress&cs=tinysrgb&w=600	Yes	maculine		Thomas
OO_73	office	legal	paralegal	desk	https://images.pexels.com/photos/5058925/pexels-photo-5058925.jpeg?auto=compress&cs=tinysrgb&w=800	Yes	maculine		Thomas
OO_74	office	legal	paralegal	desk	https://images.pexels.com/photos/5313159/pexels-photo-5313159.jpeg?auto=compress&cs=tinysrgb&w=800	Yes	maculine		Thomas
OO_75	office	legal	paralegal	desk	https://images.pexels.com/photos/8729951/pexels-photo-8729951.jpeg?auto=compress&cs=tinysrgb&w=800	Yes	maculine		Thomas
OO_76	office	legal	paralegal	desk	https://images.pexels.com/photos/6170647/pexels-photo-6170647.jpeg?auto=compress&cs=tinysrgb&w=600&lazy=load	Yes	feminine		Siobhan
OO_77	office	legal	paralegal	desk	https://images.pexels.com/photos/2422287/pexels-photo-2422287.jpeg?auto=compress&cs=tinysrgb&w=600&lazy=load	Yes	feminine		Siobhan
OO_78	office	legal	paralegal	desk	https://images.pexels.com/photos/4427506/pexels-photo-4427506.jpeg?auto=compress&cs=tinysrgb&w=800	Yes	feminine		Thomas
OO_79	office	legal	paralegal	desk	https://images.pexels.com/photos/7679649/pexels-photo-7679649.jpeg?auto=compress&cs=tinysrgb&w=800	Yes	feminine		Thomas
OO_80	office	legal	paralegal	desk	https://images.pexels.com/photos/8111853/pexels-photo-8111853.jpeg?auto=compress&cs=tinysrgb&w=800	Yes	feminine		Thomas
OO_81	office	financial	accountant	desk	https://images.pexels.com/photos/6694919/pexels-photo-6694919.jpeg?auto=compress&cs=tinysrgb&w=800	Yes	maculine		Thomas
OO_82	office	financial	accountant	desk	https://images.pexels.com/photos/7821702/pexels-photo-7821702.jpeg?auto=compress&cs=tinysrgb&w=800	Yes	maculine		Thomas
OO_83	office	financial	accountant	desk	https://images.pexels.com/photos/7821936/pexels-photo-7821936.jpeg?auto=compress&cs=tinysrgb&w=800	Yes	maculine		Thomas
OO_84	office	financial	accountant	desk	https://images.pexels.com/photos/6693663/pexels-photo-6693663.jpeg?auto=compress&cs=tinysrgb&w=800	Yes	maculine		Thomas
OO_85	office	financial	accountant	desk	https://images.pexels.com/photos/7821514/pexels-photo-7821514.jpeg?auto=compress&cs=tinysrgb&w=800	Yes	maculine		Thomas
OO_86	office	financial	accountant	desk	https://images.pexels.com/photos/3791130/pexels-photo-3791130.jpeg?auto=compress&cs=tinysrgb&w=1260&h=750&dpr=2	Yes	feminine		Thomas
OO_87	office	financial	accountant	desk	https://images.pexels.com/photos/3790811/pexels-photo-3790811.jpeg?auto=compress&cs=tinysrgb&w=800	Yes	feminine		Thomas
OO_88	office	financial	accountant	desk	https://images.pexels.com/photos/6693656/pexels-photo-6693656.jpeg?auto=compress&cs=tinysrgb&w=800	Yes	feminine		Thomas
OO_89	office	financial	accountant	desk	https://images.pexels.com/photos/8297040/pexels-photo-8297040.jpeg?auto=compress&cs=tinysrgb&w=800	Yes	feminine		Thomas
OO_90	office	financial	accountant	desk	https://images.pexels.com/photos/8297043/pexels-photo-8297043.jpeg?auto=compress&cs=tinysrgb&w=800	Yes	feminine		Thomas
OO_91	office	financial	auditor	desk	https://images.pexels.com/photos/8297213/pexels-photo-8297213.jpeg?auto=compress&cs=tinysrgb&w=800	Yes	maculine		Thomas
OO_92	office	financial	auditor	desk	https://images.pexels.com/photos/6896315/pexels-photo-6896315.jpeg?auto=compress&cs=tinysrgb&w=1260&h=750&dpr=2	Yes	maculine		Thomas
OO_93	office	financial	auditor	desk	https://images.pexels.com/photos/7821712/pexels-photo-7821712.jpeg?auto=compress&cs=tinysrgb&w=800	Yes	maculine		Thomas
OO_94	office	financial	auditor	desk	https://images.pexels.com/photos/5060818/pexels-photo-5060818.jpeg?auto=compress&cs=tinysrgb&w=800	Yes	maculine		Thomas
OO_95	office	financial	auditor	desk	https://images.pexels.com/photos/7567497/pexels-photo-7567497.jpeg?auto=compress&cs=tinysrgb&w=800	Yes	maculine		Thomas
OO_96	office	financial	auditor	desk	https://images.pexels.com/photos/8297226/pexels-photo-8297226.jpeg?auto=compress&cs=tinysrgb&w=800	Yes	feminine		Thomas
OO_97	office	financial	auditor	desk	https://images.pexels.com/photos/8872671/pexels-photo-8872671.jpeg?auto=compress&cs=tinysrgb&w=800	Yes	feminine		Thomas
OO_98	office	financial	auditor	desk	https://images.pexels.com/photos/6919715/pexels-photo-6919715.jpeg?auto=compress&cs=tinysrgb&w=800	Yes	feminine		Thomas
OO_99	office	financial	auditor	desk	https://images.pexels.com/photos/6927546/pexels-photo-6927546.jpeg?auto=compress&cs=tinysrgb&w=800	Yes	feminine		Thomas
OO_100	office	financial	auditor	desk	https://images.pexels.com/photos/6927536/pexels-photo-6927536.jpeg?auto=compress&cs=tinysrgb&w=800	Yes	feminine		Thomas
OO_101	office	financial	broker	stock chart	https://images.pexels.com/photos/7567434/pexels-photo-7567434.jpeg?auto=compress&cs=tinysrgb&w=800	Yes	maculine		Thomas
OO_102	office	financial	broker	stock chart	https://images.pexels.com/photos/7567595/pexels-photo-7567595.jpeg?auto=compress&cs=tinysrgb&w=800	Yes	maculine		Thomas
OO_103	office	financial	broker	stock chart	https://images.pexels.com/photos/8369653/pexels-photo-8369653.jpeg?auto=compress&cs=tinysrgb&w=800&lazy=load	Yes	maculine		Thomas
OO_104	office	financial	broker	stock chart	https://images.pexels.com/photos/5831526/pexels-photo-5831526.jpeg?auto=compress&cs=tinysrgb&w=800&lazy=load	Yes	maculine		Thomas
OO_105	office	financial	broker	stock chart	https://images.pexels.com/photos/5831255/pexels-photo-5831255.jpeg?auto=compress&cs=tinysrgb&w=800&lazy=load	Yes	maculine		Thomas
OO_106	office	financial	broker	stock chart	https://images.pexels.com/photos/6347720/pexels-photo-6347720.jpeg?auto=compress&cs=tinysrgb&w=800	Yes	feminine		Thomas
OO_107	office	financial	broker	stock chart	https://images.pexels.com/photos/7173026/pexels-photo-7173026.jpeg?auto=compress&cs=tinysrgb&w=800	Yes	feminine		Thomas
OO_108	office	financial	broker	stock chart	https://images.pexels.com/photos/8369835/pexels-photo-8369835.jpeg?auto=compress&cs=tinysrgb&w=1260&h=750&dpr=2	Yes	feminine		Thomas
OO_109	office	financial	broker	stock chart	https://images.pexels.com/photos/7172813/pexels-photo-7172813.jpeg?auto=compress&cs=tinysrgb&w=800	Yes	feminine		Thomas
OO_110	office	financial	broker	stock chart	https://images.pexels.com/photos/7876458/pexels-photo-7876458.jpeg?auto=compress&cs=tinysrgb&w=800	Yes	feminine		Thomas
OO_111	office	financial	advisor	presentation	https://images.pexels.com/photos/1181310/pexels-photo-1181310.jpeg?auto=compress&cs=tinysrgb&w=800	Yes	maculine		Thomas
OO_112	office	financial	advisor	presentation	https://images.pexels.com/photos/7369/startup-photos.jpg?auto=compress&cs=tinysrgb&w=1260&h=750&dpr=2	Yes	maculine		Thomas
OO_113	office	financial	advisor	presentation	https://images.pexels.com/photos/5862404/pexels-photo-5862404.jpeg?auto=compress&cs=tinysrgb&w=800	Yes	maculine		Thomas
OO_114	office	financial	advisor	presentation	https://images.pexels.com/photos/9034994/pexels-photo-9034994.jpeg?auto=compress&cs=tinysrgb&w=800	Yes	maculine		Thomas
OO_115	office	financial	advisor	presentation	https://images.pexels.com/photos/9301494/pexels-photo-9301494.jpeg?auto=compress&cs=tinysrgb&w=800	Yes	maculine		Thomas
OO_116	office	financial	advisor	presentation	https://images.pexels.com/photos/1181623/pexels-photo-1181623.jpeg?auto=compress&cs=tinysrgb&w=800	Yes	feminine		Thomas
OO_117	office	financial	advisor	presentation	https://images.pexels.com/photos/3861962/pexels-photo-3861962.jpeg?auto=compress&cs=tinysrgb&w=800	Yes	feminine		Thomas
OO_118	office	financial	advisor	presentation	https://images.pexels.com/photos/8761560/pexels-photo-8761560.jpeg?auto=compress&cs=tinysrgb&w=800	Yes	feminine		Thomas
OO_119	office	financial	advisor	presentation	https://images.pexels.com/photos/9034731/pexels-photo-9034731.jpeg?auto=compress&cs=tinysrgb&w=800	Yes	feminine		Thomas
OO_120	office	financial	advisor	presentation	https://images.pexels.com/photos/5466248/pexels-photo-5466248.jpeg?auto=compress&cs=tinysrgb&w=800	Yes	feminine		Thomas
OO_121	office	structure	architect	floor plan	https://images.pexels.com/photos/3760532/pexels-photo-3760532.jpeg?auto=compress&cs=tinysrgb&w=1260&h=750&dpr=2	Yes	maculine		Thomas
OO_122	office	structure	architect	floor plan	https://images.pexels.com/photos/3769162/pexels-photo-3769162.jpeg?auto=compress&cs=tinysrgb&w=800	Yes	maculine		Thomas
OO_123	office	structure	architect	floor plan	https://images.pexels.com/photos/6615279/pexels-photo-6615279.jpeg?auto=compress&cs=tinysrgb&w=800	Yes	maculine		Thomas
OO_124	office	structure	architect	floor plan	https://images.pexels.com/photos/6282113/pexels-photo-6282113.jpeg?auto=compress&cs=tinysrgb&w=800	Yes	maculine		Thomas
OO_125	office	structure	architect	floor plan	https://images.pexels.com/photos/9618107/pexels-photo-9618107.jpeg?auto=compress&cs=tinysrgb&w=800	Yes	maculine		Thomas
OO_126	office	structure	architect	floor plan	https://images.pexels.com/photos/4491459/pexels-photo-4491459.jpeg?auto=compress&cs=tinysrgb&w=1260&h=750&dpr=2	Yes	feminine		Thomas
OO_127	office	structure	architect	floor plan	https://images.pexels.com/photos/5292234/pexels-photo-5292234.jpeg?auto=compress&cs=tinysrgb&w=800	Yes	feminine		Thomas
OO_128	office	structure	architect	floor plan	https://images.pexels.com/photos/6615280/pexels-photo-6615280.jpeg?auto=compress&cs=tinysrgb&w=800	Yes	feminine		Thomas
OO_129	office	structure	architect	floor plan	https://images.pexels.com/photos/9512012/pexels-photo-9512012.jpeg?auto=compress&cs=tinysrgb&w=800	Yes	feminine		Thomas
OO_130	office	structure	architect	floor plan	https://images.pexels.com/photos/5583254/pexels-photo-5583254.jpeg?auto=compress&cs=tinysrgb&w=800	Yes	feminine		Thomas
OO_131	office	structure	engineer	computer	https://images.pexels.com/photos/5483063/pexels-photo-5483063.jpeg?auto=compress&cs=tinysrgb&w=800	Yes	maculine		Thomas
OO_132	office	structure	engineer	computer	https://cdn2.picryl.com/photo/2020/05/06/maj-john-shepherd-public-health-officer-and-air-national-903c8e-1024.jpg	Yes	maculine		Thomas
OO_133	office	structure	engineer	computer	https://live.staticflickr.com/89/228425310_243635c254_b.jpg	Yes	maculine		Thomas
OO_134	office	structure	engineer	computer	https://images.pexels.com/photos/7988113/pexels-photo-7988113.jpeg?auto=compress&cs=tinysrgb&w=1260&h=750&dpr=2	Yes	maculine		Thomas
OO_135	office	structure	engineer	computer	https://www.dnb.de/SharedDocs/Bilder/EN/Buehnen/professionell_digitalisierung_buehne.jpg?__blob=normal&v=4	Yes	maculine		Thomas
OO_136	office	structure	engineer	computer	https://images.pexels.com/photos/1181243/pexels-photo-1181243.jpeg?auto=compress&cs=tinysrgb&w=1260&h=750&dpr=2	Yes	feminine		Thomas
OO_137	office	structure	engineer	computer	https://images.pexels.com/photos/3861958/pexels-photo-3861958.jpeg?auto=compress&cs=tinysrgb&w=800	Yes	feminine		Thomas
OO_138	office	structure	engineer	computer	https://images.pexels.com/photos/3862632/pexels-photo-3862632.jpeg?auto=compress&cs=tinysrgb&w=800	Yes	feminine		Thomas
OO_139	office	structure	engineer	computer	https://images.pexels.com/photos/5473302/pexels-photo-5473302.jpeg?auto=compress&cs=tinysrgb&w=800	Yes	feminine		Thomas
OO_140	office	structure	engineer	computer	https://images.pexels.com/photos/1181354/pexels-photo-1181354.jpeg?auto=compress&cs=tinysrgb&w=800	Yes	feminine		Thomas
OO_141	office	general_office	supervisor	computer	https://images.pexels.com/photos/842554/pexels-photo-842554.jpeg?auto=compress&cs=tinysrgb&w=800	Yes	maculine		Thomas
OO_142	office	general_office	supervisor	computer	https://images.pexels.com/photos/845451/pexels-photo-845451.jpeg?auto=compress&cs=tinysrgb&w=800	Yes	maculine		Thomas
OO_143	office	general_office	supervisor	computer	https://images.pexels.com/photos/4238488/pexels-photo-4238488.jpeg?auto=compress&cs=tinysrgb&w=800	Yes	maculine		Thomas
OO_144	office	general_office	supervisor	computer	https://images.pexels.com/photos/927451/pexels-photo-927451.jpeg?auto=compress&cs=tinysrgb&w=800	Yes	maculine		Thomas
OO_145	office	general_office	supervisor	computer	https://images.pexels.com/photos/3184611/pexels-photo-3184611.jpeg?auto=compress&cs=tinysrgb&w=800	Yes	maculine		Thomas
OO_146	office	general_office	supervisor	computer	https://images.pexels.com/photos/3746932/pexels-photo-3746932.jpeg?auto=compress&cs=tinysrgb&w=800	Yes	feminine		Thomas
OO_147	office	general_office	supervisor	computer	https://images.pexels.com/photos/4064027/pexels-photo-4064027.jpeg?auto=compress&cs=tinysrgb&w=800	Yes	feminine		Thomas
OO_148	office	general_office	supervisor	computer	https://images.pexels.com/photos/3791130/pexels-photo-3791130.jpeg?auto=compress&cs=tinysrgb&w=800	Yes	feminine		Thomas
OO_149	office	general_office	supervisor	computer	https://images.pexels.com/photos/3861958/pexels-photo-3861958.jpeg?auto=compress&cs=tinysrgb&w=800	Yes	feminine		Thomas
OO_150	office	general_office	supervisor	computer	https://images.pexels.com/photos/3727464/pexels-photo-3727464.jpeg?auto=compress&cs=tinysrgb&w=800	Yes	feminine		Thomas
OO_151	retail	customer_facing	clerk	computer	https://images.pexels.com/photos/5668789/pexels-photo-5668789.jpeg?auto=compress&cs=tinysrgb&w=1260&h=750&dpr=2	Yes	maculine		Hannah
OO_152	retail	customer_facing	clerk	computer	https://images.pexels.com/photos/8475168/pexels-photo-8475168.jpeg?auto=compress&cs=tinysrgb&w=1260&h=750&dpr=2	Yes	maculine		Hannah
OO_153	retail	customer_facing	clerk	computer	https://images.pexels.com/photos/7843966/pexels-photo-7843966.jpeg?auto=compress&cs=tinysrgb&w=1260&h=750&dpr=2	Yes	maculine		Hannah
OO_154	retail	customer_facing	clerk	computer	https://images.pexels.com/photos/6888762/pexels-photo-6888762.jpeg?auto=compress&cs=tinysrgb&w=1260&h=750&dpr=2	Yes	maculine		Hannah
OO_155	retail	customer_facing	clerk	computer	https://upload.wikimedia.org/wikipedia/commons/3/39/Trainee_sales_clerk_holding_two_buckets_1.jpg	Yes	maculine		Hannah
OO_156	retail	customer_facing	clerk	computer	https://images.pexels.com/photos/7345419/pexels-photo-7345419.jpeg?auto=compress&cs=tinysrgb&w=1260&h=750&dpr=2	Yes	feminine		Hannah
OO_157	retail	customer_facing	clerk	computer	https://images.pexels.com/photos/7319121/pexels-photo-7319121.jpeg?auto=compress&cs=tinysrgb&w=1260&h=750&dpr=2	Yes	feminine		Hannah
OO_158	retail	customer_facing	clerk	computer	https://images.pexels.com/photos/5409713/pexels-photo-5409713.jpeg?auto=compress&cs=tinysrgb&w=1260&h=750&dpr=2	Yes	feminine		Hannah
OO_159	retail	customer_facing	clerk	computer	https://p0.pxfuel.com/preview/851/661/209/organic-woman-board-farm.jpg	Yes	feminine		Hannah
OO_160	retail	customer_facing	clerk	computer	https://farm9.staticflickr.com/8219/8305138363_95d71e1800_q.jpg	Yes	feminine		Hannah
OO_161	retail	customer_facing	manager	clipboard	https://images.pexels.com/photos/8867176/pexels-photo-8867176.jpeg?auto=compress&cs=tinysrgb&w=1260&h=750&dpr=2	Yes	maculine		Hannah
OO_162	retail	customer_facing	manager	clipboard	https://images.pexels.com/photos/5668868/pexels-photo-5668868.jpeg?auto=compress&cs=tinysrgb&w=1260&h=750&dpr=2	Yes	maculine		Hannah
OO_163	retail	customer_facing	manager	clipboard	https://images.pexels.com/photos/6169652/pexels-photo-6169652.jpeg?auto=compress&cs=tinysrgb&w=1260&h=750&dpr=2	Yes	maculine		Hannah
OO_164	retail	customer_facing	manager	clipboard	https://images.pexels.com/photos/6716014/pexels-photo-6716014.jpeg?auto=compress&cs=tinysrgb&w=1260&h=750&dpr=2	Yes	maculine		Hannah
OO_165	retail	customer_facing	manager	clipboard	https://images.pexels.com/photos/8069433/pexels-photo-8069433.jpeg?auto=compress&cs=tinysrgb&w=1260&h=750&dpr=2	Yes	maculine		Hannah
OO_166	retail	customer_facing	manager	clipboard	https://images.pexels.com/photos/5699492/pexels-photo-5699492.jpeg?auto=compress&cs=tinysrgb&w=1260&h=750&dpr=2	Yes	feminine		Hannah
OO_167	retail	customer_facing	manager	clipboard	https://images.pexels.com/photos/9034705/pexels-photo-9034705.jpeg?auto=compress&cs=tinysrgb&w=1260&h=750&dpr=2	Yes	feminine		Hannah
OO_168	retail	customer_facing	manager	clipboard	https://images.pexels.com/photos/7433906/pexels-photo-7433906.jpeg?auto=compress&cs=tinysrgb&w=1260&h=750&dpr=2	Yes	feminine		Hannah
OO_169	retail	customer_facing	manager	clipboard	https://images.pexels.com/photos/8560224/pexels-photo-8560224.jpeg?auto=compress&cs=tinysrgb&w=1260&h=750&dpr=2	Yes	feminine		Hannah
OO_170	retail	customer_facing	manager	clipboard	https://images.pexels.com/photos/8111876/pexels-photo-8111876.jpeg?auto=compress&cs=tinysrgb&w=1260&h=750&dpr=2	Yes	feminine		Hannah
OO_171	service	food_service	baker	mixing spoon	https://images.pexels.com/photos/8477754/pexels-photo-8477754.jpeg?auto=compress&cs=tinysrgb&w=1260&h=750&dpr=2	Yes	maculine		Fernanda
OO_172	service	food_service	baker	mixing spoon	https://images.pexels.com/photos/8902113/pexels-photo-8902113.jpeg?auto=compress&cs=tinysrgb&w=1260&h=750&dpr=2	Yes	maculine		Fernanda
OO_173	service	food_service	baker	mixing spoon	https://images.pexels.com/photos/5593342/pexels-photo-5593342.jpeg?auto=compress&cs=tinysrgb&w=800&lazy=load	Yes	maculine		Fernanda
OO_174	service	food_service	baker	mixing spoon	https://t2.ftcdn.net/jpg/00/39/61/39/240_F_39613959_ckbVxAaEyeM8KcB8EVsqrBLXg2qexh4Q.jpg	Yes	maculine		Fernanda
OO_175	service	food_service	baker	mixing spoon	https://us.123rf.com/450wm/hemeroskopion/hemeroskopion1102/hemeroskopion110200128/8937348-how-to-whisk-an-egg-a-major-challenge.jpg?ver=6	Yes	maculine		Fernanda
OO_176	service	food_service	baker	mixing spoon	https://images.pexels.com/photos/8178911/pexels-photo-8178911.jpeg?auto=compress&cs=tinysrgb&w=1260&h=750&dpr=2	Yes	feminine		Fernanda
OO_177	service	food_service	baker	mixing spoon	https://images.pexels.com/photos/7966403/pexels-photo-7966403.jpeg?auto=compress&cs=tinysrgb&w=800&lazy=load	Yes	feminine		Fernanda
OO_178	service	food_service	baker	mixing spoon	https://images.pexels.com/photos/6957557/pexels-photo-6957557.jpeg?auto=compress&cs=tinysrgb&w=1260&h=750&dpr=2	Yes	feminine		Fernanda
OO_179	service	food_service	baker	mixing spoon	https://images.pexels.com/photos/8290260/pexels-photo-8290260.jpeg?auto=compress&cs=tinysrgb&w=800&lazy=load	Yes	feminine		Fernanda
OO_180	service	food_service	baker	mixing_spoon	https://images.pexels.com/photos/8064886/pexels-photo-8064886.jpeg?auto=compress&cs=tinysrgb&w=800&lazy=load	Yes	feminine		Fernanda
OO_181	service	food_service	waiter	tray	https://images.pexels.com/photos/3772524/pexels-photo-3772524.jpeg?auto=compress&cs=tinysrgb&w=800	Yes	maculine		Fernanda
OO_182	service	food_service	waiter	tray	https://images.pexels.com/photos/7556764/pexels-photo-7556764.jpeg?auto=compress&cs=tinysrgb&w=800	Yes	maculine		Fernanda
OO_183	service	food_service	waiter	tray	https://images.pexels.com/photos/12041678/pexels-photo-12041678.jpeg?auto=compress&cs=tinysrgb&w=800	Yes	maculine		Fernanda
OO_184	service	food_service	waiter	tray	https://images.pexels.com/photos/5371577/pexels-photo-5371577.jpeg?auto=compress&cs=tinysrgb&w=800	Yes	maculine		Fernanda
OO_185	service	food_service	waiter	tray	https://us.123rf.com/450wm/tmcphotos/tmcphotos1309/tmcphotos130900447/22079647-mature-waiter-in-tuxedo-looking-at-serving-tray-isolated-over-black-background.jpg	Yes	maculine		Fernanda
OO_186	service	food_service	waiter	tray	https://images.pexels.com/photos/11290942/pexels-photo-11290942.jpeg?auto=compress&cs=tinysrgb&w=800	Yes	feminine		Fernanda
OO_187	service	food_service	waiter	tray	https://images.pexels.com/photos/6123992/pexels-photo-6123992.jpeg?auto=compress&cs=tinysrgb&w=800	Yes	feminine		Fernanda
OO_188	service	food_service	waiter	tray	https://images.pexels.com/photos/9770917/pexels-photo-9770917.jpeg?auto=compress&cs=tinysrgb&w=800&lazy=load	Yes	feminine		Fernanda
OO_189	service	food_service	waiter	tray	https://www.publicdomainpictures.net/pictures/220000/velka/young-waitress-14939191537tk.jpg	Yes	feminine		Fernanda
OO_190	service	food_service	waiter	tray	https://t1.ftcdn.net/jpg/00/64/48/74/240_F_64487417_eUocpHIsl2T90VNzYjj2I8SoWEuZbYi5.jpg	Yes	feminine		Fernanda
OO_191	service	food_service	bartender	mixing bottle	https://images.pexels.com/photos/4485355/pexels-photo-4485355.jpeg?auto=compress&cs=tinysrgb&w=1260&h=750&dpr=2	Yes	maculine		Fernanda
OO_192	service	food_service	bartender	mixing bottle	https://images.pexels.com/photos/7061456/pexels-photo-7061456.jpeg?auto=compress&cs=tinysrgb&w=800	Yes	maculine		Fernanda
OO_193	service	food_service	bartender	mixing bottle	https://images.pexels.com/photos/4667023/pexels-photo-4667023.jpeg?auto=compress&cs=tinysrgb&w=800&lazy=load	Yes	maculine		Fernanda
OO_194	service	food_service	bartender	mixing bottle	https://images.pexels.com/photos/8941710/pexels-photo-8941710.jpeg?auto=compress&cs=tinysrgb&w=800&lazy=load	Yes	maculine		Fernanda
OO_195	service	food_service	bartender	mixing bottle	https://images.pexels.com/photos/11538297/pexels-photo-11538297.jpeg?auto=compress&cs=tinysrgb&w=800&lazy=load	Yes	maculine		Fernanda
OO_196	service	food_service	bartender	mixing bottle	https://images.pexels.com/photos/4279096/pexels-photo-4279096.jpeg?auto=compress&cs=tinysrgb&w=1260&h=750&dpr=2	Yes	feminine		Fernanda
OO_197	service	food_service	bartender	mixing bottle	https://images.pexels.com/photos/12985157/pexels-photo-12985157.jpeg?auto=compress&cs=tinysrgb&w=800&lazy=load	Yes	feminine		Fernanda
OO_198	service	food_service	bartender	mixing bottle	https://images.pexels.com/photos/4279100/pexels-photo-4279100.jpeg?auto=compress&cs=tinysrgb&w=800&lazy=load	Yes	feminine		Fernanda
OO_199	service	food_service	bartender	mixing bottle	https://images.pexels.com/photos/12841707/pexels-photo-12841707.jpeg?auto=compress&cs=tinysrgb&w=800&lazy=load	Yes	feminine		Fernanda
OO_200	service	food_service	bartender	mixing bottle	https://images.pexels.com/photos/13049450/pexels-photo-13049450.jpeg?auto=compress&cs=tinysrgb&w=800&lazy=load	Yes	feminine		Fernanda
OO_201	service	fashion	hairdresser	scissors	https://images.pexels.com/photos/7440138/pexels-photo-7440138.jpeg?auto=compress&cs=tinysrgb&w=800	Yes	maculine		Fernanda
OO_202	service	fashion	hairdresser	scissors	https://images.pexels.com/photos/14391463/pexels-photo-14391463.jpeg?auto=compress&cs=tinysrgb&w=600	Yes	maculine		Fernanda
OO_203	service	fashion	hairdresser	scissors	https://images.pexels.com/photos/8552631/pexels-photo-8552631.jpeg?auto=compress&cs=tinysrgb&w=600&lazy=load	Yes	maculine		Fernanda
OO_204	service	fashion	hairdresser	scissors	https://images.pexels.com/photos/5337960/pexels-photo-5337960.jpeg?auto=compress&cs=tinysrgb&w=600	Yes	maculine		Fernanda
OO_205	service	fashion	hairdresser	scissors	https://images.pexels.com/photos/5188621/pexels-photo-5188621.jpeg?auto=compress&cs=tinysrgb&w=600	Yes	maculine		Fernanda
OO_206	service	fashion	hairdresser	scissors	https://images.pexels.com/photos/9709014/pexels-photo-9709014.jpeg?auto=compress&cs=tinysrgb&w=800	Yes	feminine		Fernanda
OO_207	service	fashion	hairdresser	scissors	https://images.pexels.com/photos/8834027/pexels-photo-8834027.jpeg?auto=compress&cs=tinysrgb&w=800	Yes	feminine		Fernanda
OO_208	service	fashion	hairdresser	scissors	https://images.pexels.com/photos/7755445/pexels-photo-7755445.jpeg?auto=compress&cs=tinysrgb&w=800	Yes	feminine		Fernanda
OO_209	service	fashion	hairdresser	scissors	https://images.pexels.com/photos/10318052/pexels-photo-10318052.jpeg?auto=compress&cs=tinysrgb&w=800	Yes	feminine		Fernanda
OO_210	service	fashion	hairdresser	scissors	https://images.pexels.com/photos/7819749/pexels-photo-7819749.jpeg?auto=compress&cs=tinysrgb&w=800	Yes	feminine		Fernanda
OO_211	service	animal	veterinarian	animal	https://images.pexels.com/photos/5487067/pexels-photo-5487067.jpeg?auto=compress&cs=tinysrgb&w=600	Yes	maculine		Fernanda
OO_212	service	animal	veterinarian	animal	https://images.pexels.com/photos/6235225/pexels-photo-6235225.jpeg?auto=compress&cs=tinysrgb&w=600	Yes	maculine		Fernanda
OO_213	service	animal	veterinarian	animal	https://images.pexels.com/photos/6235233/pexels-photo-6235233.jpeg?auto=compress&cs=tinysrgb&w=600	Yes	maculine		Fernanda
OO_214	service	animal	veterinarian	animal	https://images.pexels.com/photos/7470634/pexels-photo-7470634.jpeg?auto=compress&cs=tinysrgb&w=600	Yes	maculine		Fernanda
OO_215	service	animal	veterinarian	animal	https://images.pexels.com/photos/10559203/pexels-photo-10559203.jpeg?auto=compress&cs=tinysrgb&w=600	Yes	maculine		Fernanda
OO_216	service	animal	veterinarian	animal	https://images.pexels.com/photos/5486952/pexels-photo-5486952.jpeg?auto=compress&cs=tinysrgb&w=600	Yes	feminine		Fernanda
OO_217	service	animal	veterinarian	animal	https://images.pexels.com/photos/6234980/pexels-photo-6234980.jpeg?auto=compress&cs=tinysrgb&w=600&lazy=load	Yes	feminine		Fernanda
OO_218	service	animal	veterinarian	animal	https://images.freeimages.com/images/premium/large-thumbs/2265/22655533-young-veterinarian-examines-a-patient-ferret.jpg	Yes	feminine		Fernanda
OO_219	service	animal	veterinarian	animal	https://t1.ftcdn.net/jpg/00/09/94/54/240_F_9945446_e9u2UXZE11br1d5RPMFpgszzf2bjX7p1.jpg	Yes	feminine		Fernanda
OO_220	service	animal	veterinarian	animal	https://static4.bigstockphoto.com/thumbs/0/0/3/small2/30053273.jpg	Yes	feminine		Fernanda
OO_221	service	household	painter	paint	https://images.pexels.com/photos/6474471/pexels-photo-6474471.jpeg?auto=compress&cs=tinysrgb&w=600	Yes	maculine		Fernanda
OO_222	service	household	painter	paint	https://images.pexels.com/photos/7218562/pexels-photo-7218562.jpeg?auto=compress&cs=tinysrgb&w=600	Yes	maculine		Fernanda
OO_223	service	household	painter	paint	https://images.pexels.com/photos/9244184/pexels-photo-9244184.jpeg?auto=compress&cs=tinysrgb&w=600	Yes	maculine		Fernanda
OO_224	service	household	painter	paint	https://static.wixstatic.com/media/6028cf0ffa005d33effdf22b80229e0f.jpg/v1/fill/w_319,h_240,fp_0.50_0.50,q_90/6028cf0ffa005d33effdf22b80229e0f.jpg	Yes	maculine		Fernanda
OO_225	service	household	painter	paint	https://images.pexels.com/photos/5691597/pexels-photo-5691597.jpeg?auto=compress&cs=tinysrgb&w=600	Yes	maculine		Fernanda
OO_226	service	household	painter	paint	https://images.pexels.com/photos/5641416/pexels-photo-5641416.jpeg?auto=compress&cs=tinysrgb&w=600	Yes	feminine		Fernanda
OO_227	service	household	painter	paint	https://images.pexels.com/photos/1365168/pexels-photo-1365168.jpeg?auto=compress&cs=tinysrgb&w=600	Yes	feminine		Fernanda
OO_228	service	household	painter	paint	https://images.pexels.com/photos/5798983/pexels-photo-5798983.jpeg?auto=compress&cs=tinysrgb&w=600	Yes	feminine		Fernanda
OO_229	service	household	painter	paint	https://images.pexels.com/photos/3817572/pexels-photo-3817572.jpeg?auto=compress&cs=tinysrgb&w=600	Yes	feminine		Fernanda
OO_230	service	household	painter	paint	https://images.pexels.com/photos/6920329/pexels-photo-6920329.jpeg?auto=compress&cs=tinysrgb&w=600	Yes	feminine		Fernanda