IDX	Sector	Specialisation	Occupation	Participant	URL type (Type NA if can't find)	Licence	Occupation_perceived_gender	Participant_perceived_gender	Error codes	Annotator
OP_1	education	institutional	teacher	student	https://images.pexels.com/photos/7092361/pexels-photo-7092361.jpeg?auto=compress&cs=tinysrgb&w=600&lazy=load	Yes	masculine	masculine		Siobhan
OP_2	education	institutional	teacher	student	https://images.pexels.com/photos/7092583/pexels-photo-7092583.jpeg?auto=compress&cs=tinysrgb&w=600&lazy=load	Yes	masculine	masculine		Siobhan
OP_3	education	institutional	teacher	student	https://images.pexels.com/photos/9159042/pexels-photo-9159042.jpeg?auto=compress&cs=tinysrgb&w=600&lazy=load	Yes	masculine	masculine		Siobhan
OP_4	education	institutional	teacher	student	https://images.pexels.com/photos/8197543/pexels-photo-8197543.jpeg?auto=compress&cs=tinysrgb&w=600	Yes	masculine	masculine		Siobhan
OP_5	education	institutional	teacher	student	https://encrypted-tbn0.gstatic.com/images?q=tbn:ANd9GcSEMPViAHK4s_AIN15g4Bo6lzN66gkW2MUNvA&usqp=CAU	Yes	masculine	masculine		Siobhan
OP_6	education	institutional	teacher	student	https://images.pexels.com/photos/5212350/pexels-photo-5212350.jpeg?auto=compress&cs=tinysrgb&w=600&lazy=load	Yes	masculine	feminine		Siobhan
OP_7	education	institutional	teacher	student	https://images.pexels.com/photos/9159059/pexels-photo-9159059.jpeg?auto=compress&cs=tinysrgb&w=600&lazy=load	Yes	masculine	feminine		Siobhan
OP_8	education	institutional	teacher	student	https://images.pexels.com/photos/7092538/pexels-photo-7092538.jpeg?auto=compress&cs=tinysrgb&w=600&lazy=load	Yes	masculine	feminine		Siobhan
OP_9	education	institutional	teacher	student	https://images.pexels.com/photos/6238010/pexels-photo-6238010.jpeg?auto=compress&cs=tinysrgb&w=600&lazy=load	Yes	masculine	feminine		Siobhan
OP_10	education	institutional	teacher	student	https://images.pexels.com/photos/6334575/pexels-photo-6334575.jpeg?auto=compress&cs=tinysrgb&w=600	Yes	masculine	feminine		Siobhan
OP_11	education	institutional	teacher	student	https://images.pexels.com/photos/6502825/pexels-photo-6502825.jpeg?auto=compress&cs=tinysrgb&w=600&lazy=load	Yes	feminine	masculine		Siobhan
OP_12	education	institutional	teacher	student	https://images.pexels.com/photos/9572674/pexels-photo-9572674.jpeg?auto=compress&cs=tinysrgb&w=600&lazy=load	Yes	feminine	masculine		Siobhan
OP_13	education	institutional	teacher	student	https://encrypted-tbn0.gstatic.com/images?q=tbn:ANd9GcSTGIokkDUyDQSTtaHlEhM2PLaasrfiQ78CjxMsRHAy0AmX0qhFpko8uSqWPknKWtgcHjw&usqp=CAU	Yes	feminine	masculine		Siobhan
OP_14	education	institutional	teacher	student	https://images.pexels.com/photos/8423079/pexels-photo-8423079.jpeg?auto=compress&cs=tinysrgb&w=600&lazy=load	Yes	feminine	masculine		Siobhan
OP_15	education	institutional	teacher	student	https://images.pexels.com/photos/5940706/pexels-photo-5940706.jpeg?auto=compress&cs=tinysrgb&w=600&lazy=load	Yes	feminine	masculine		Siobhan
OP_16	education	institutional	teacher	student	https://images.pexels.com/photos/4778667/pexels-photo-4778667.jpeg?auto=compress&cs=tinysrgb&w=1260&h=750&dpr=1	Yes	feminine	feminine		Siobhan
OP_17	education	institutional	teacher	student	https://images.pexels.com/photos/6503100/pexels-photo-6503100.jpeg?auto=compress&cs=tinysrgb&w=600&lazy=load	Yes	feminine	feminine		Siobhan
OP_18	education	institutional	teacher	student	https://images.pexels.com/photos/1181472/pexels-photo-1181472.jpeg?auto=compress&cs=tinysrgb&w=1260&h=750&dpr=1	Yes	feminine	feminine		Siobhan
OP_19	education	institutional	teacher	student	https://images.pexels.com/photos/1181722/pexels-photo-1181722.jpeg?auto=compress&cs=tinysrgb&w=600	Yes	feminine	feminine		Siobhan
OP_20	education	institutional	teacher	student	https://images.pexels.com/photos/6237988/pexels-photo-6237988.jpeg?auto=compress&cs=tinysrgb&w=1260&h=750&dpr=1	Yes	feminine	feminine		Siobhan
OP_21	education	general_courses	instructor	student	https://images.pexels.com/photos/2204196/pexels-photo-2204196.jpeg?auto=compress&cs=tinysrgb&w=600	Yes	masculine	masculine		Siobhan
OP_22	education	general_courses	instructor	student	https://images.pexels.com/photos/13808113/pexels-photo-13808113.jpeg?auto=compress&cs=tinysrgb&w=600	Yes	masculine	masculine		Siobhan
OP_23	education	general_courses	instructor	student	https://images.pexels.com/photos/5646006/pexels-photo-5646006.jpeg?auto=compress&cs=tinysrgb&w=600	Yes	masculine	masculine		Siobhan
OP_24	education	general_courses	instructor	student	https://images.pexels.com/photos/8436429/pexels-photo-8436429.jpeg?auto=compress&cs=tinysrgb&w=600	Yes	masculine	masculine		Siobhan
OP_25	education	general_courses	instructor	student	https://c0.wallpaperflare.com/preview/126/815/585/weight-person-watch-gym.jpg	Yes	masculine	masculine		Siobhan
OP_26	education	general_courses	instructor	student	https://images.pexels.com/photos/8939960/pexels-photo-8939960.jpeg?auto=compress&cs=tinysrgb&w=600&lazy=load	Yes	masculine	feminine		Siobhan
OP_27	education	general_courses	instructor	student	https://images.pexels.com/photos/414029/pexels-photo-414029.jpeg?auto=compress&cs=tinysrgb&w=600	Yes	masculine	feminine		Siobhan
OP_28	education	general_courses	instructor	student	https://images.pexels.com/photos/6456303/pexels-photo-6456303.jpeg?auto=compress&cs=tinysrgb&w=600	Yes	masculine	feminine		Siobhan
OP_29	education	general_courses	instructor	student	https://images.pexels.com/photos/4058411/pexels-photo-4058411.jpeg?auto=compress&cs=tinysrgb&w=600	Yes	masculine	feminine		Siobhan
OP_30	education	general_courses	instructor	student	https://images.pexels.com/photos/6455784/pexels-photo-6455784.jpeg?auto=compress&cs=tinysrgb&w=600	Yes	masculine	feminine		Siobhan
OP_31	education	general_courses	instructor	student	https://images.pexels.com/photos/6740295/pexels-photo-6740295.jpeg?auto=compress&cs=tinysrgb&w=600&lazy=load	Yes	feminine	masculine		Siobhan
OP_32	education	general_courses	instructor	student	https://images.pexels.com/photos/6922124/pexels-photo-6922124.jpeg?auto=compress&cs=tinysrgb&w=600&lazy=load	Yes	feminine	masculine		Siobhan
OP_33	education	general_courses	instructor	student	https://images.pexels.com/photos/6111616/pexels-photo-6111616.jpeg?auto=compress&cs=tinysrgb&w=600	Yes	feminine	masculine		Siobhan
OP_34	education	general_courses	instructor	student	https://images.pexels.com/photos/6975795/pexels-photo-6975795.jpeg?auto=compress&cs=tinysrgb&w=1260&h=750&dpr=1	Yes	feminine	masculine		Siobhan
OP_35	education	general_courses	instructor	student	https://images.pexels.com/photos/6787520/pexels-photo-6787520.jpeg?auto=compress&cs=tinysrgb&w=600	Yes	feminine	masculine		Siobhan
OP_36	education	general_courses	instructor	student	https://encrypted-tbn0.gstatic.com/images?q=tbn:ANd9GcQCka06ddCT_3pwBtV6xiec66Fu-UzowGvpmg&usqp=CAU	Yes	feminine	feminine		Siobhan
OP_37	education	general_courses	instructor	student	https://images.pexels.com/photos/8374563/pexels-photo-8374563.jpeg?auto=compress&cs=tinysrgb&w=600	Yes	feminine	feminine		Siobhan
OP_38	education	general_courses	instructor	student	https://images.pexels.com/photos/3900796/pexels-photo-3900796.jpeg?auto=compress&cs=tinysrgb&w=600	Yes	feminine	feminine		Siobhan
OP_39	education	general_courses	instructor	student	https://images.pexels.com/photos/8374560/pexels-photo-8374560.jpeg?auto=compress&cs=tinysrgb&w=600&lazy=load	Yes	feminine	feminine		Siobhan
OP_40	education	general_courses	instructor	student	https://images.pexels.com/photos/9194259/pexels-photo-9194259.jpeg?auto=compress&cs=tinysrgb&w=600&lazy=load	Yes	feminine	feminine		Siobhan
OP_41	medical	mental_health	counsellor	patient	https://live.staticflickr.com/65535/51103882530_41baec3d97_b.jpg	Yes	masculine	masculine		Siobhan
OP_42	medical	mental_health	counsellor	patient	https://p1.pxfuel.com/preview/1021/259/780/counseling-stress-angry-mental-health.jpg	Yes	masculine	masculine		Siobhan
OP_43	medical	mental_health	counsellor	patient	https://d3crmev290s45i.cloudfront.net/frames/1002149xxx/1002149290/1002149290-disc001-file001-frame00180-size-exact-570x350.jpg	Yes	masculine	masculine		Siobhan
OP_44	medical	mental_health	counsellor	patient	https://images.pexels.com/photos/4100486/pexels-photo-4100486.jpeg?auto=compress&cs=tinysrgb&w=600	Yes	masculine	masculine		Siobhan
OP_45	medical	mental_health	counsellor	patient	https://live.staticflickr.com/65535/51103015598_16609e04a8_b.jpg	Yes	masculine	masculine		Siobhan
OP_46	medical	mental_health	counsellor	patient	https://d3crmev290s45i.cloudfront.net/frames/1008345xxx/1008345424/1008345424-disc001-file001-frame00180-size-original.jpg	Yes	masculine	feminine		Siobhan
OP_47	medical	mental_health	counsellor	patient	https://encrypted-tbn0.gstatic.com/images?q=tbn:ANd9GcQykZMzvQPrXbsilsOPkIuOl38xpxVTr8T7aJGwpzaXmjjhF2UfsERxha-OFtxOawmQdd8&usqp=CAU	Yes	masculine	feminine		Siobhan
OP_48	medical	mental_health	counsellor	patient	https://i0.wp.com/post.medicalnewstoday.com/wp-content/uploads/sites/3/2021/06/GettyImages-1305552472_header-1024x575.jpg?w=1155&h=1528	Yes	masculine	feminine		Siobhan
OP_49	medical	mental_health	counsellor	patient	https://community.thriveglobal.com/wp-content/uploads/2021/08/anxiety-2.jpg	Yes	masculine	feminine		Siobhan
OP_50	medical	mental_health	counsellor	patient	https://www.derrickaviles.com/wp-content/uploads/2019/04/25.jpg	Yes	masculine	feminine		Siobhan
OP_51	medical	mental_health	counsellor	patient	https://post.healthline.com/wp-content/uploads/2020/07/woman-therapist-talking-to-female-patient-1200x628-facebook-1200x628.jpg	Yes	feminine	masculine		Siobhan
OP_52	medical	mental_health	counsellor	patient	https://cornerstonecounselling.com/wp-content/uploads/2021/06/Counselling-e1624566405244.jpg	Yes	feminine	masculine		Siobhan
OP_53	medical	mental_health	counsellor	patient	https://s3.envato.com/files/a9c05d05-7ee2-4c4e-b0db-949cf09834e6/inline_image_preview.jpg	Yes	feminine	masculine		Siobhan
OP_54	medical	mental_health	counsellor	patient	https://images.squarespace-cdn.com/content/v1/5dfd525d50a0d56cce072b41/1624472239402-1MY1ZRGNY2NH6HGSZY2B/bigstock-Ptsd-Mental-Health-Concept-D-296300932+%282%29.jpg?format=1500w	Yes	feminine	masculine		Siobhan
OP_55	medical	mental_health	counsellor	patient	https://www.oakheartcenter.com/uploads/1/2/0/2/120263642/editor/shutterstock-332414228.jpg?1535326277	Yes	feminine	masculine		Siobhan
OP_56	medical	mental_health	counsellor	patient	https://awakeningscenter.org/wp-content/uploads/2021/02/black-mental-health-scaled.jpg	Yes	feminine	feminine		Siobhan
OP_57	medical	mental_health	counsellor	patient	https://encrypted-tbn0.gstatic.com/images?q=tbn:ANd9GcR1yKX_cd5n5PRM5v6DWIckt886-p6WTcRGz-H5ujQzrK2ouRIRLDZD-BaZTfWWdErGDHw&usqp=CAU	Yes	feminine	feminine		Siobhan
OP_58	medical	mental_health	counsellor	patient	https://cdn.careeronestop.org/OccVids/OccupationVideos/21-1012.00.jpg	Yes	feminine	feminine		Siobhan
OP_59	medical	mental_health	counsellor	patient	https://www.talkspace.com/blog/wp-content/uploads/2021/11/is-therapy-worth-it_1200W-1-800x500.jpg	Yes	feminine	feminine		Siobhan
OP_60	medical	mental_health	counsellor	patient	https://images.pexels.com/photos/3958460/pexels-photo-3958460.jpeg?auto=compress&cs=tinysrgb&w=1260&h=750&dpr=1	Yes	feminine	feminine		Siobhan
OP_61	medical	hospital_worker	physician	patient	https://images.pexels.com/photos/8460100/pexels-photo-8460100.jpeg?auto=compress&cs=tinysrgb&w=600&lazy=load	Yes	masculine	masculine		Siobhan
OP_62	medical	hospital_worker	physician	patient	https://images.pexels.com/photos/14558557/pexels-photo-14558557.jpeg?auto=compress&cs=tinysrgb&w=600&lazy=load	Yes	masculine	masculine		Siobhan
OP_63	medical	hospital_worker	physician	patient	https://encrypted-tbn0.gstatic.com/images?q=tbn:ANd9GcR8HPs1B-TdGWrCQF9z-lZ2LY9qccfKTmoIkFle-sXrbww7i-mmdiB3nbGknGEkCv4lVlc&usqp=CAU	Yes	masculine	masculine		Siobhan
OP_64	medical	hospital_worker	physician	patient	https://images.pexels.com/photos/7108152/pexels-photo-7108152.jpeg?auto=compress&cs=tinysrgb&w=600&lazy=load	Yes	masculine	masculine		Siobhan
OP_65	medical	hospital_worker	physician	patient	https://images.pexels.com/photos/7108144/pexels-photo-7108144.jpeg?auto=compress&cs=tinysrgb&w=600	Yes	masculine	masculine		Siobhan
OP_66	medical	hospital_worker	physician	patient	https://images.pexels.com/photos/6303659/pexels-photo-6303659.jpeg?auto=compress&cs=tinysrgb&w=600	Yes	masculine	feminine		Siobhan
OP_67	medical	hospital_worker	physician	patient	https://encrypted-tbn0.gstatic.com/images?q=tbn:ANd9GcQfCEd1h2UG8NKZbVQGObSjWifbRDVrLYa1Og&usqp=CAU	Yes	masculine	feminine		Siobhan
OP_68	medical	hospital_worker	physician	patient	https://encrypted-tbn0.gstatic.com/images?q=tbn:ANd9GcSLohIY5eY5JJzj4I9ixmphFTzI7AB_KIP-4w&usqp=CAU	Yes	masculine	feminine		Siobhan
OP_69	medical	hospital_worker	physician	patient	https://encrypted-tbn0.gstatic.com/images?q=tbn:ANd9GcTOQWp6NZQvykcY1lsqnZlgYo6y3qwhCf_iSQ&usqp=CAU	Yes	masculine	feminine		Siobhan
OP_70	medical	hospital_worker	physician	patient	https://images.pexels.com/photos/7585309/pexels-photo-7585309.jpeg?auto=compress&cs=tinysrgb&w=600	Yes	masculine	feminine		Siobhan
OP_71	medical	hospital_worker	physician	patient	https://pixnio.com/free-images/science/medical-science/female-clinician-conducting-an-examination-of-a-male-patients-right-ear-using-an-otoscope.jpg	Yes	feminine	masculine		Siobhan
OP_72	medical	hospital_worker	physician	patient	https://cdn.stocksnap.io/img-thumbs/960w/wheelchair-person_WLAWAIXW2T.jpg	Yes	feminine	masculine		Siobhan
OP_73	medical	hospital_worker	physician	patient	https://pixnio.com/free-images/science/medical-science/female-clinician-using-a-stethoscope-shed-placed-upon-a-male-patients-back.jpg	Yes	feminine	masculine		Siobhan
OP_74	medical	hospital_worker	physician	patient	https://images.pexels.com/photos/7108334/pexels-photo-7108334.jpeg?auto=compress&cs=tinysrgb&w=600	Yes	feminine	masculine		Siobhan
OP_75	medical	hospital_worker	physician	patient	https://images.pexels.com/photos/5215022/pexels-photo-5215022.jpeg?auto=compress&cs=tinysrgb&w=600	Yes	feminine	masculine		Siobhan
OP_76	medical	hospital_worker	physician	patient	https://images.pexels.com/photos/7088531/pexels-photo-7088531.jpeg?auto=compress&cs=tinysrgb&w=600&lazy=load	Yes	feminine	feminine		Siobhan
OP_77	medical	hospital_worker	physician	patient	https://images.pexels.com/photos/7659876/pexels-photo-7659876.jpeg?auto=compress&cs=tinysrgb&w=600&lazy=load	Yes	feminine	feminine		Siobhan
OP_78	medical	hospital_worker	physician	patient	https://www.verywellmind.com/thmb/qEdvVNEfNpV8z8vDvtA02ugQ3Tw=/1500x0/filters:no_upscale():max_bytes(150000):strip_icc()/Primary_Image_Therapy_for_Black_Girls-15716a87bd0744cd9eb644a950d3c12f.jpg	Yes	feminine	feminine		Siobhan
OP_79	medical	hospital_worker	physician	patient	https://st.focusedcollection.com/3839757/i/650/focused_182386312-stock-photo-chinese-nurse-taking-care-senior.jpg	Yes	feminine	feminine		Siobhan
OP_80	medical	hospital_worker	physician	patient	https://pixnio.com/free-images/science/medical-science/female-nurse-in-the-process-of-conducting-a-blood-pressure-examination.jpg	Yes	feminine	feminine		Siobhan
OP_81	medical	hospital_worker	specialist	patient	https://p1.pxfuel.com/preview/669/212/1004/operation-surgery-hospital-doctor.jpg	Yes	masculine	masculine		Siobhan
OP_82	medical	hospital_worker	specialist	patient	https://images.pexels.com/photos/3912992/pexels-photo-3912992.jpeg?auto=compress&cs=tinysrgb&w=600	Yes	masculine	masculine		Siobhan
OP_83	medical	hospital_worker	specialist	patient	https://images.pexels.com/photos/7088824/pexels-photo-7088824.jpeg?auto=compress&cs=tinysrgb&w=600&lazy=load	Yes	masculine	masculine		Siobhan
OP_84	medical	hospital_worker	specialist	patient	https://images.pexels.com/photos/14558560/pexels-photo-14558560.jpeg?auto=compress&cs=tinysrgb&w=600&lazy=load	Yes	masculine	masculine		Siobhan
OP_85	medical	hospital_worker	specialist	patient	https://images.pexels.com/photos/2182972/pexels-photo-2182972.jpeg?auto=compress&cs=tinysrgb&w=600&lazy=load	Yes	masculine	masculine		Siobhan
OP_86	medical	hospital_worker	specialist	patient	https://images.pexels.com/photos/6129150/pexels-photo-6129150.jpeg?auto=compress&cs=tinysrgb&w=600	Yes	masculine	feminine		Siobhan
OP_87	medical	hospital_worker	specialist	patient	https://images.pexels.com/photos/6129052/pexels-photo-6129052.jpeg?auto=compress&cs=tinysrgb&w=1260&h=750&dpr=1	Yes	masculine	feminine		Siobhan
OP_88	medical	hospital_worker	specialist	patient	https://images.pexels.com/photos/7584493/pexels-photo-7584493.jpeg?auto=compress&cs=tinysrgb&w=1260&h=750&dpr=1	Yes	masculine	feminine		Siobhan
OP_89	medical	hospital_worker	specialist	patient	https://images.pexels.com/photos/6129148/pexels-photo-6129148.jpeg?auto=compress&cs=tinysrgb&w=600	Yes	masculine	feminine		Siobhan
OP_90	medical	hospital_worker	specialist	patient	https://images.pexels.com/photos/4266941/pexels-photo-4266941.jpeg?auto=compress&cs=tinysrgb&w=600&lazy=load	Yes	masculine	feminine		Siobhan
OP_91	medical	hospital_worker	specialist	patient	https://images.pexels.com/photos/6749735/pexels-photo-6749735.jpeg?auto=compress&cs=tinysrgb&w=600	Yes	feminine	masculine		Siobhan
OP_92	medical	hospital_worker	specialist	patient	https://images.pexels.com/photos/6749757/pexels-photo-6749757.jpeg?auto=compress&cs=tinysrgb&w=600	Yes	feminine	masculine		Siobhan
OP_93	medical	hospital_worker	specialist	patient	https://encrypted-tbn0.gstatic.com/images?q=tbn:ANd9GcRX-FiE9pIn__3D2aU0pHdoTvp0n6N_dedqkQ&usqp=CAU	Yes	feminine	masculine		Siobhan
OP_94	medical	hospital_worker	specialist	patient	https://encrypted-tbn0.gstatic.com/images?q=tbn:ANd9GcSP2qy3bDYSAZyzx7jYjMoL30Ld2OlP8GiNCKzxMpeDi_yexWP1PIIjz7zMNFu1A_VQFAE&usqp=CAU	Yes	feminine	masculine		Siobhan
OP_95	medical	hospital_worker	specialist	patient	https://encrypted-tbn0.gstatic.com/images?q=tbn:ANd9GcSNQRuktePRqEQLC2mINoVPmX17RcewTLnziQ&usqp=CAU	Yes	feminine	masculine		Siobhan
OP_96	medical	hospital_worker	specialist	patient	https://images.pexels.com/photos/7108415/pexels-photo-7108415.jpeg?auto=compress&cs=tinysrgb&w=600	Yes	feminine	feminine		Siobhan
OP_97	medical	hospital_worker	specialist	patient	https://images.pexels.com/photos/7659571/pexels-photo-7659571.jpeg?auto=compress&cs=tinysrgb&w=600&lazy=load	Yes	feminine	feminine		Siobhan
OP_98	medical	hospital_worker	specialist	patient	https://images.pexels.com/photos/6129688/pexels-photo-6129688.jpeg?auto=compress&cs=tinysrgb&w=600&lazy=load	Yes	feminine	feminine		Siobhan
OP_99	medical	hospital_worker	specialist	patient	https://images.pexels.com/photos/7089035/pexels-photo-7089035.jpeg?auto=compress&cs=tinysrgb&w=600&lazy=load	Yes	feminine	feminine		Siobhan
OP_100	medical	hospital_worker	specialist	patient	https://encrypted-tbn0.gstatic.com/images?q=tbn:ANd9GcT0MdFtuZT-6p3Wu0W3WLcgkqgmOiI0ypO8oQ&usqp=CAU	Yes	feminine	feminine		Siobhan
OP_101	medical	hospital_worker	doctor	patient	https://c1.staticflickr.com/7/6080/6104068209_d134b246f5_b.jpg	Yes	masculine	masculine		Siobhan
OP_102	medical	hospital_worker	doctor	patient	https://encrypted-tbn0.gstatic.com/images?q=tbn:ANd9GcTBzTjNVpU4v8vovjRBmR7Cotn6rA4Ab9_KPQ&usqp=CAU	Yes	masculine	masculine		Siobhan
OP_103	medical	hospital_worker	doctor	patient	https://encrypted-tbn0.gstatic.com/images?q=tbn:ANd9GcS4svdtHbVtu5Faz7wYYe3Vej2PsigfkV89sg&usqp=CAU	Yes	masculine	masculine		Siobhan
OP_104	medical	hospital_worker	doctor	patient	https://images.pexels.com/photos/7089619/pexels-photo-7089619.jpeg?auto=compress&cs=tinysrgb&w=600&lazy=load	Yes	masculine	masculine		Siobhan
OP_105	medical	hospital_worker	doctor	patient	https://encrypted-tbn0.gstatic.com/images?q=tbn:ANd9GcT38etqmfSOvjLHQaDu0Fn1sThZhQ_JBiIKjg&usqp=CAU	Yes	masculine	masculine		Siobhan
OP_106	medical	hospital_worker	doctor	patient	https://thumbs.dreamstime.com/b/doctor-concentrating-pregnancy-examination-stethoscope-studio-shoot-30931746.jpg	Yes	masculine	feminine		Siobhan
OP_107	medical	hospital_worker	doctor	patient	https://pixnio.com/free-images/science/medical-science/listen-to-sounds-emanating-from-within-the-chest-cavity-376x544.jpg	Yes	masculine	feminine		Siobhan
OP_108	medical	hospital_worker	doctor	patient	https://t3.ftcdn.net/jpg/01/38/16/46/360_F_138164682_gPlTuZzJt3PaJAUTf1FkWkghQvgUMh0s.jpg	Yes	masculine	feminine		Siobhan
OP_109	medical	hospital_worker	doctor	patient	https://images.pexels.com/photos/6129444/pexels-photo-6129444.jpeg	Yes	masculine	feminine		Siobhan
OP_110	medical	hospital_worker	doctor	patient	https://encrypted-tbn0.gstatic.com/images?q=tbn:ANd9GcQcKOEcZhY3AhyU6SgvIiv9MrwjhsaByOXRtr5da9D47LPyuW4bbn8hulv_ZHWTsxgVyII&usqp=CAU	Yes	masculine	feminine		Siobhan
OP_111	medical	hospital_worker	doctor	patient	https://images.pexels.com/photos/8770708/pexels-photo-8770708.jpeg	Yes	feminine	masculine		Siobhan
OP_112	medical	hospital_worker	doctor	patient	https://t4.ftcdn.net/jpg/05/71/15/19/360_F_571151955_KulKp6yl0B7ywdHySILOCJKfowVF5Xkt.jpg	Yes	feminine	masculine		Siobhan
OP_113	medical	hospital_worker	doctor	patient	https://media-cldnry.s-nbcnews.com/image/upload/t_fit-1500w,f_auto,q_auto:best/newscms/2016_23/1246836/doctorimage_320x400.jpg	Yes	feminine	masculine		Siobhan
OP_114	medical	hospital_worker	doctor	patient	https://images.pexels.com/photos/6010781/pexels-photo-6010781.jpeg?auto=compress&cs=tinysrgb&w=600	Yes	feminine	masculine		Siobhan
OP_115	medical	hospital_worker	doctor	patient	https://images.pexels.com/photos/7579831/pexels-photo-7579831.jpeg?auto=compress&cs=tinysrgb&w=1600	Yes	feminine	masculine		Siobhan
OP_116	medical	hospital_worker	doctor	patient	https://images.theconversation.com/files/184755/original/file-20170905-24230-f24qsh.jpg?ixlib=rb-1.1.0&rect=0%2C118%2C1000%2C485&q=45&auto=format&w=1356&h=668&fit=crop	Yes	feminine	feminine		Siobhan
OP_117	medical	hospital_worker	doctor	patient	https://post.healthline.com/wp-content/uploads/2020/09/female_doctor_patient-732x549-thumbnail.jpg	Yes	feminine	feminine		Siobhan
OP_118	medical	hospital_worker	doctor	patient	https://media-cldnry.s-nbcnews.com/image/upload/newscms/2016_35/1154266/woman-doctor-office-stock-today-160829-tease.jpg	Yes	feminine	feminine		Siobhan
OP_119	medical	hospital_worker	doctor	patient	https://i.dailymail.co.uk/i/pix/2014/10/06/1412601626711_wps_3_image001_png.jpg	Yes	feminine	feminine		Siobhan
OP_120	medical	hospital_worker	doctor	patient	https://images.pexels.com/photos/5215006/pexels-photo-5215006.jpeg?auto=compress&cs=tinysrgb&w=600&lazy=load	Yes	feminine	feminine		Siobhan
OP_121	office	legal	lawyer	client	https://images.pexels.com/photos/7841852/pexels-photo-7841852.jpeg?auto=compress&cs=tinysrgb&w=600	Yes	masculine	masculine		Siobhan
OP_122	office	legal	lawyer	client	https://images.pexels.com/photos/8428080/pexels-photo-8428080.jpeg?auto=compress&cs=tinysrgb&w=600	Yes	masculine	masculine		Siobhan
OP_123	office	legal	lawyer	client	https://images.pexels.com/photos/8729923/pexels-photo-8729923.jpeg?auto=compress&cs=tinysrgb&w=600&lazy=load	Yes	masculine	masculine		Siobhan
OP_124	office	legal	lawyer	client	https://images.pexels.com/photos/5439391/pexels-photo-5439391.jpeg?auto=compress&cs=tinysrgb&w=600&lazy=load	Yes	masculine	masculine		Siobhan
OP_125	office	legal	lawyer	client	https://images.pexels.com/photos/8112159/pexels-photo-8112159.jpeg?auto=compress&cs=tinysrgb&w=1260&h=750&dpr=1	Yes	masculine	masculine		Suny
OP_126	office	legal	lawyer	client	https://images.pexels.com/photos/7876193/pexels-photo-7876193.jpeg?auto=compress&cs=tinysrgb&w=600&lazy=load	Yes	masculine	feminine		Siobhan
OP_127	office	legal	lawyer	client	https://images.pexels.com/photos/5439479/pexels-photo-5439479.jpeg?auto=compress&cs=tinysrgb&w=600&lazy=load	Yes	masculine	feminine		Siobhan
OP_128	office	legal	lawyer	client	https://images.pexels.com/photos/8124195/pexels-photo-8124195.jpeg?auto=compress&cs=tinysrgb&w=600&lazy=load	Yes	masculine	feminine		Siobhan
OP_129	office	legal	lawyer	client	https://images.pexels.com/photos/8549944/pexels-photo-8549944.jpeg?auto=compress&cs=tinysrgb&w=600&lazy=load	Yes	masculine	feminine		Suny
OP_130	office	legal	lawyer	client	https://images.pexels.com/photos/7518941/pexels-photo-7518941.jpeg?auto=compress&cs=tinysrgb&w=600&lazy=load	Yes	masculine	feminine		Suny
OP_131	office	legal	lawyer	client	https://images.pexels.com/photos/8111887/pexels-photo-8111887.jpeg?auto=compress&cs=tinysrgb&w=600	Yes	feminine	masculine		Siobhan
OP_132	office	legal	lawyer	client	https://images.pexels.com/photos/6065127/pexels-photo-6065127.jpeg?auto=compress&cs=tinysrgb&w=600&lazy=load	Yes	feminine	masculine		Siobhan
OP_133	office	legal	lawyer	client	https://images.pexels.com/photos/5668844/pexels-photo-5668844.jpeg?auto=compress&cs=tinysrgb&w=600	Yes	feminine	masculine		Siobhan
OP_134	office	legal	lawyer	client	https://images.pexels.com/photos/8730968/pexels-photo-8730968.jpeg?auto=compress&cs=tinysrgb&w=600&lazy=load	Yes	feminine	masculine		Siobhan
OP_135	office	legal	lawyer	client	https://images.pexels.com/photos/6584941/pexels-photo-6584941.jpeg?auto=compress&cs=tinysrgb&w=600&lazy=load	Yes	feminine	masculine		Siobhan
OP_136	office	legal	lawyer	client	https://images.pexels.com/photos/5669655/pexels-photo-5669655.jpeg?auto=compress&cs=tinysrgb&w=600	Yes	feminine	feminine		Siobhan
OP_137	office	legal	lawyer	client	https://images.pexels.com/photos/7491009/pexels-photo-7491009.jpeg?auto=compress&cs=tinysrgb&w=600&lazy=load	Yes	feminine	feminine		Siobhan
OP_138	office	legal	lawyer	client	https://images.pexels.com/photos/6170649/pexels-photo-6170649.jpeg?auto=compress&cs=tinysrgb&w=600&lazy=load	Yes	feminine	feminine		Siobhan
OP_139	office	legal	lawyer	client	https://images.pexels.com/photos/7491615/pexels-photo-7491615.jpeg?auto=compress&cs=tinysrgb&w=600&lazy=load	Yes	feminine	feminine		Siobhan
OP_140	office	legal	lawyer	client	https://images.pexels.com/photos/6170868/pexels-photo-6170868.jpeg?auto=compress&cs=tinysrgb&w=600&lazy=load	Yes	feminine	feminine		Siobhan
OP_141	office	legal	paralegal	client	https://images.pexels.com/photos/7841475/pexels-photo-7841475.jpeg?auto=compress&cs=tinysrgb&w=1260&h=750&dpr=2	Yes	masculine	masculine		Suny
OP_142	office	legal	paralegal	client	https://images.pexels.com/photos/8112156/pexels-photo-8112156.jpeg?auto=compress&cs=tinysrgb&w=1260&h=750&dpr=1	Yes	masculine	masculine		Suny
OP_143	office	legal	paralegal	client	https://images.pexels.com/photos/7144256/pexels-photo-7144256.jpeg?auto=compress&cs=tinysrgb&w=1260&h=750&dpr=1	Yes	masculine	masculine		Suny
OP_144	office	legal	paralegal	client	https://images.pexels.com/photos/8729928/pexels-photo-8729928.jpeg?auto=compress&cs=tinysrgb&w=1260&h=750&dpr=1	Yes	masculine	masculine		Suny
OP_145	office	legal	paralegal	client	https://images.pexels.com/photos/5466277/pexels-photo-5466277.jpeg?auto=compress&cs=tinysrgb&w=1260&h=750&dpr=1	Yes	masculine	masculine		Suny
OP_146	office	legal	paralegal	client	https://image.shutterstock.com/mosaic_250/847993/531975229/stock-photo-secretary-lawyer-or-businessman-in-office-531975229.jpg	Yes	masculine	feminine		Suny
OP_147	office	legal	paralegal	client	https://images.pexels.com/photos/7841490/pexels-photo-7841490.jpeg?auto=compress&cs=tinysrgb&w=1260&h=750&dpr=2	Yes	masculine	feminine		Suny
OP_148	office	legal	paralegal	client	https://cdn.websites.hibu.com/4184c85bd58e40658346683fd31de695/import/base/Satellite_1036970337.jpg	Yes	masculine	feminine		Suny
OP_149	office	legal	paralegal	client	https://nwdrlf.com/wp-content/uploads/2021/08/Portland-OR-bankruptcy-attorneys-500x383.webp	Yes	masculine	feminine		Suny
OP_150	office	legal	paralegal	client	https://thumbnails.yayimages.com/3/df0/3df09b0.jpg	Yes	masculine	feminine		Suny
OP_151	office	legal	paralegal	client	https://images.pexels.com/photos/8152733/pexels-photo-8152733.jpeg?auto=compress&cs=tinysrgb&w=1260&h=750&dpr=1	Yes	feminine	masculine		Suny
OP_152	office	legal	paralegal	client	https://images.pexels.com/photos/8152743/pexels-photo-8152743.jpeg?auto=compress&cs=tinysrgb&w=1260&h=750&dpr=1	Yes	feminine	masculine		Suny
OP_153	office	legal	paralegal	client	https://images.pexels.com/photos/7841784/pexels-photo-7841784.jpeg?auto=compress&cs=tinysrgb&w=1260&h=750&dpr=1	Yes	feminine	masculine		Suny
OP_154	office	legal	paralegal	client	https://images.pexels.com/photos/8152728/pexels-photo-8152728.jpeg?auto=compress&cs=tinysrgb&w=1260&h=750&dpr=1	Yes	feminine	masculine		Suny
OP_155	office	legal	paralegal	client	https://images.pexels.com/photos/8133807/pexels-photo-8133807.jpeg?auto=compress&cs=tinysrgb&w=1260&h=750&dpr=1	Yes	feminine	masculine		Suny
OP_156	office	legal	paralegal	client	https://images.pexels.com/photos/6400346/pexels-photo-6400346.jpeg?auto=compress&cs=tinysrgb&w=1260&h=750&dpr=1	Yes	feminine	feminine		Suny
OP_157	office	legal	paralegal	client	https://images.pexels.com/photos/1181606/pexels-photo-1181606.jpeg?auto=compress&cs=tinysrgb&w=1260&h=750&dpr=1	Yes	feminine	feminine		Suny
OP_158	office	legal	paralegal	client	https://images.pexels.com/photos/3201480/pexels-photo-3201480.jpeg?auto=compress&cs=tinysrgb&w=1260&h=750&dpr=1	Yes	feminine	feminine		Suny
OP_159	office	legal	paralegal	client	https://www.stepbystep.com/wp-content/uploads/2013/02/How-to-Find-a-Car-Accident-Lawyer-in-Los-Angeles13.jpg	Yes	feminine	feminine		Suny
OP_160	office	legal	paralegal	client	https://img.freepik.com/foto-gratuito/donne-di-affari-serie-che-guardano-insieme-presentazione_74855-1226.jpg?size=626&ext=jpg	Yes	feminine	feminine		Suny
OP_161	office	financial	accountant	client	https://images.pexels.com/photos/7437085/pexels-photo-7437085.jpeg?auto=compress&cs=tinysrgb&w=800	Yes	masculine	masculine		Thomas
OP_162	office	financial	accountant	client	https://images.pexels.com/photos/8068654/pexels-photo-8068654.jpeg?auto=compress&cs=tinysrgb&w=800	Yes	masculine	masculine		Thomas
OP_163	office	financial	accountant	client	https://images.pexels.com/photos/7083886/pexels-photo-7083886.jpeg?auto=compress&cs=tinysrgb&w=800	Yes	masculine	masculine		Thomas
OP_164	office	financial	accountant	client	https://images.pexels.com/photos/7651800/pexels-photo-7651800.jpeg?auto=compress&cs=tinysrgb&w=800	Yes	masculine	masculine		Thomas
OP_165	office	financial	accountant	client	https://images.pexels.com/photos/3747143/pexels-photo-3747143.jpeg?auto=compress&cs=tinysrgb&w=800	Yes	masculine	masculine		Thomas
OP_166	office	financial	accountant	client	https://images.pexels.com/photos/3182752/pexels-photo-3182752.jpeg?auto=compress&cs=tinysrgb&w=800	Yes	masculine	feminine		Thomas
OP_167	office	financial	accountant	client	https://images.pexels.com/photos/3182811/pexels-photo-3182811.jpeg?auto=compress&cs=tinysrgb&w=800	Yes	masculine	feminine		Thomas
OP_168	office	financial	accountant	client	https://images.pexels.com/photos/12902930/pexels-photo-12902930.jpeg?auto=compress&cs=tinysrgb&w=800	Yes	masculine	feminine		Thomas
OP_169	office	financial	accountant	client	https://images.pexels.com/photos/8853392/pexels-photo-8853392.jpeg?auto=compress&cs=tinysrgb&w=800	Yes	masculine	feminine		Thomas
OP_170	office	financial	accountant	client	https://images.pexels.com/photos/8069745/pexels-photo-8069745.jpeg?auto=compress&cs=tinysrgb&w=800	Yes	masculine	feminine		Thomas
OP_171	office	financial	accountant	client	https://images.pexels.com/photos/8069477/pexels-photo-8069477.jpeg?auto=compress&cs=tinysrgb&w=800	Yes	feminine	masculine		Thomas
OP_172	office	financial	accountant	client	https://images.pexels.com/photos/4963465/pexels-photo-4963465.jpeg?auto=compress&cs=tinysrgb&w=800	Yes	feminine	masculine		Thomas
OP_173	office	financial	accountant	client	https://images.pexels.com/photos/8069425/pexels-photo-8069425.jpeg?auto=compress&cs=tinysrgb&w=800	Yes	feminine	masculine		Thomas
OP_174	office	financial	accountant	client	https://images.pexels.com/photos/8518659/pexels-photo-8518659.jpeg?auto=compress&cs=tinysrgb&w=800	Yes	feminine	masculine		Thomas
OP_175	office	financial	accountant	client	https://images.pexels.com/photos/7648032/pexels-photo-7648032.jpeg?auto=compress&cs=tinysrgb&w=800	Yes	feminine	masculine		Thomas
OP_176	office	financial	accountant	client	https://images.pexels.com/photos/7647942/pexels-photo-7647942.jpeg?auto=compress&cs=tinysrgb&w=800	Yes	feminine	feminine		Thomas
OP_177	office	financial	accountant	client	https://images.pexels.com/photos/3727511/pexels-photo-3727511.jpeg?auto=compress&cs=tinysrgb&w=800	Yes	feminine	feminine		Thomas
OP_178	office	financial	accountant	client	https://images.pexels.com/photos/1181533/pexels-photo-1181533.jpeg?auto=compress&cs=tinysrgb&w=800	Yes	feminine	feminine		Thomas
OP_179	office	financial	accountant	client	https://images.pexels.com/photos/8853400/pexels-photo-8853400.jpeg?auto=compress&cs=tinysrgb&w=800	Yes	feminine	feminine		Thomas
OP_180	office	financial	accountant	client	https://images.pexels.com/photos/1181605/pexels-photo-1181605.jpeg?auto=compress&cs=tinysrgb&w=1260&h=750&dpr=2	Yes	feminine	feminine		Thomas
OP_181	office	financial	auditor	client	https://images.pexels.com/photos/1325760/pexels-photo-1325760.jpeg?auto=compress&cs=tinysrgb&w=800	Yes	masculine	masculine		Thomas
OP_182	office	financial	auditor	client	https://images.pexels.com/photos/7994325/pexels-photo-7994325.jpeg?auto=compress&cs=tinysrgb&w=800	Yes	masculine	masculine		Thomas
OP_183	office	financial	auditor	client	https://images.pexels.com/photos/5520284/pexels-photo-5520284.jpeg?auto=compress&cs=tinysrgb&w=800	Yes	masculine	masculine		Thomas
OP_184	office	financial	auditor	client	https://images.pexels.com/photos/5439439/pexels-photo-5439439.jpeg?auto=compress&cs=tinysrgb&w=800	Yes	masculine	masculine		Thomas
OP_185	office	financial	auditor	client	https://images.pexels.com/photos/5439453/pexels-photo-5439453.jpeg?auto=compress&cs=tinysrgb&w=800	Yes	masculine	masculine		Thomas
OP_186	office	financial	auditor	client	https://images.pexels.com/photos/7876191/pexels-photo-7876191.jpeg?auto=compress&cs=tinysrgb&w=800	Yes	masculine	feminine		Thomas
OP_187	office	financial	auditor	client	https://images.pexels.com/photos/7428862/pexels-photo-7428862.jpeg?auto=compress&cs=tinysrgb&w=800	Yes	masculine	feminine		Thomas
OP_188	office	financial	auditor	client	https://images.pexels.com/photos/7643735/pexels-photo-7643735.jpeg?auto=compress&cs=tinysrgb&w=800	Yes	masculine	feminine		Thomas
OP_189	office	financial	auditor	client	https://images.pexels.com/photos/7441077/pexels-photo-7441077.jpeg?auto=compress&cs=tinysrgb&w=800	Yes	masculine	feminine		Thomas
OP_190	office	financial	auditor	client	https://images.pexels.com/photos/8837557/pexels-photo-8837557.jpeg?auto=compress&cs=tinysrgb&w=800	Yes	masculine	feminine		Thomas
OP_191	office	financial	auditor	client	https://images.pexels.com/photos/10041247/pexels-photo-10041247.jpeg?auto=compress&cs=tinysrgb&w=800	Yes	feminine	masculine		Thomas
OP_192	office	financial	auditor	client	https://images.pexels.com/photos/5186302/pexels-photo-5186302.jpeg?auto=compress&cs=tinysrgb&w=800	Yes	feminine	masculine		Thomas
OP_193	office	financial	auditor	client	https://images.pexels.com/photos/8549944/pexels-photo-8549944.jpeg?auto=compress&cs=tinysrgb&w=800	Yes	feminine	masculine		Thomas
OP_194	office	financial	auditor	client	https://images.pexels.com/photos/8190803/pexels-photo-8190803.jpeg?auto=compress&cs=tinysrgb&w=800	Yes	feminine	masculine		Thomas
OP_195	office	financial	auditor	client	https://images.pexels.com/photos/7735691/pexels-photo-7735691.jpeg?auto=compress&cs=tinysrgb&w=800	Yes	feminine	masculine		Thomas
OP_196	office	financial	auditor	client	https://images.pexels.com/photos/8853396/pexels-photo-8853396.jpeg?auto=compress&cs=tinysrgb&w=800	Yes	feminine	feminine		Thomas
OP_197	office	financial	auditor	client	https://images.pexels.com/photos/7433846/pexels-photo-7433846.jpeg?auto=compress&cs=tinysrgb&w=800	Yes	feminine	feminine		Thomas
OP_198	office	financial	auditor	client	https://images.pexels.com/photos/8853398/pexels-photo-8853398.jpeg?auto=compress&cs=tinysrgb&w=800	Yes	feminine	feminine		Thomas
OP_199	office	financial	auditor	client	https://images.pexels.com/photos/8853389/pexels-photo-8853389.jpeg?auto=compress&cs=tinysrgb&w=800	Yes	feminine	feminine		Thomas
OP_200	office	financial	auditor	client	https://images.pexels.com/photos/3727509/pexels-photo-3727509.jpeg?auto=compress&cs=tinysrgb&w=800	Yes	feminine	feminine		Thomas
OP_201	office	financial	broker	client	https://images.pexels.com/photos/8439657/pexels-photo-8439657.jpeg?auto=compress&cs=tinysrgb&w=1600	Yes	masculine	masculine		Suny
OP_202	office	financial	broker	client	https://images.pexels.com/photos/7578902/pexels-photo-7578902.jpeg?auto=compress&cs=tinysrgb&w=600&lazy=load	Yes	masculine	masculine		Suny
OP_203	office	financial	broker	client	https://madrid.plus/wp-content/uploads/2018/08/abogados-madrid.jpg	Yes	masculine	masculine		Suny
OP_204	office	financial	broker	client	https://images.pexels.com/photos/5439466/pexels-photo-5439466.jpeg?auto=compress&cs=tinysrgb&w=1260&h=750&dpr=2	Yes	masculine	masculine		Suny
OP_205	office	financial	broker	client	https://images.pexels.com/photos/7578894/pexels-photo-7578894.jpeg?auto=compress&cs=tinysrgb&w=600&lazy=load	Yes	masculine	masculine		Suny
OP_206	office	financial	broker	client	https://images.pexels.com/photos/8439665/pexels-photo-8439665.jpeg?auto=compress&cs=tinysrgb&w=600&lazy=load	Yes	masculine	feminine		Suny
OP_207	office	financial	broker	client	https://us.123rf.com/450wm/elnur/elnur1907/elnur190703740/126396068-male-real-estate-agent-and-female-client-in-the-apartment.jpg?ver=6	Yes	masculine	feminine		Suny
OP_208	office	financial	broker	client	https://sachversicherung24.info/wp-content/uploads/2016/01/beratung-1.jpg	Yes	masculine	feminine		Suny
OP_209	office	financial	broker	client	https://images.pexels.com/photos/8292823/pexels-photo-8292823.jpeg?auto=compress&cs=tinysrgb&w=1260&h=750&dpr=2	Yes	masculine	feminine		Suny
OP_210	office	financial	broker	client	https://images.pexels.com/photos/8439664/pexels-photo-8439664.jpeg?auto=compress&cs=tinysrgb&w=1260&h=750&dpr=2	Yes	masculine	feminine		Suny
OP_211	office	financial	broker	client	https://images.pexels.com/photos/8292816/pexels-photo-8292816.jpeg?auto=compress&cs=tinysrgb&w=1260&h=750&dpr=2	Yes	feminine	masculine		Suny
OP_212	office	financial	broker	client	https://images.pexels.com/photos/7415050/pexels-photo-7415050.jpeg?auto=compress&cs=tinysrgb&w=600&lazy=load	Yes	feminine	masculine		Suny
OP_213	office	financial	broker	client	https://images.pexels.com/photos/7642001/pexels-photo-7642001.jpeg?auto=compress&cs=tinysrgb&w=1260&h=750&dpr=2	Yes	feminine	masculine		Suny
OP_214	office	financial	broker	client	https://images.pexels.com/photos/8293649/pexels-photo-8293649.jpeg?auto=compress&cs=tinysrgb&w=1260&h=750&dpr=1	Yes	feminine	masculine		Suny
OP_215	office	financial	broker	client	https://www.ingenieria.es/wp-content/uploads/2021/09/ventajas-del-Home-Staging.jpg	Yes	feminine	masculine		Suny
OP_216	office	financial	broker	client	https://t3.ftcdn.net/jpg/02/41/67/46/240_F_241674607_L1fDIKXi31DTSBfh1udffEY1uQcQIKSU.jpg	Yes	feminine	feminine		Suny
OP_217	office	financial	broker	client	https://www.thebalancecareers.com/thmb/9QsPsjwTEebiaA_7r08jPfLUt6w=/400x300/filters:no_upscale():max_bytes(150000):strip_icc()/Primary_Images-8bdea08c1ef848d1807727d04df53892.jpg	Yes	feminine	feminine		Suny
OP_218	office	financial	broker	client	https://img.freepik.com/free-photo/purchase-or-rent-of-new-housing-written-agreement-between-seller-and-buyer_359031-16816.jpg?size=626&ext=jpg	Yes	feminine	feminine		Suny
OP_219	office	financial	broker	client	https://images.pexels.com/photos/3727509/pexels-photo-3727509.jpeg?auto=compress&cs=tinysrgb&w=1260&h=750&dpr=1	Yes	feminine	feminine		Siobhan
OP_220	office	financial	broker	client	https://thumbs.dreamstime.com/b/gesch%C3%A4ftsfrau-die-kaufendes-haus-des-kunden-unterst%C3%BCtzt-103929190.jpg	Yes	feminine	feminine		Suny
OP_221	office	financial	advisor	advisee	https://images.pexels.com/photos/935949/pexels-photo-935949.jpeg?auto=compress&cs=tinysrgb&w=800	Yes	masculine	masculine		Thomas
OP_222	office	financial	advisor	advisee	https://images.pexels.com/photos/7437094/pexels-photo-7437094.jpeg?auto=compress&cs=tinysrgb&w=800	Yes	masculine	masculine		Thomas
OP_223	office	financial	advisor	advisee	https://images.pexels.com/photos/5439381/pexels-photo-5439381.jpeg?auto=compress&cs=tinysrgb&w=800	Yes	masculine	masculine		Thomas
OP_224	office	financial	advisor	advisee	https://images.pexels.com/photos/8439682/pexels-photo-8439682.jpeg?auto=compress&cs=tinysrgb&w=800	Yes	masculine	masculine		Thomas
OP_225	office	financial	advisor	advisee	https://images.pexels.com/photos/8190826/pexels-photo-8190826.jpeg?auto=compress&cs=tinysrgb&w=800	Yes	masculine	masculine		Thomas
OP_226	office	financial	advisor	advisee	https://images.pexels.com/photos/2422280/pexels-photo-2422280.jpeg?auto=compress&cs=tinysrgb&w=800	Yes	masculine	feminine		Thomas
OP_227	office	financial	advisor	advisee	https://images.pexels.com/photos/2977581/pexels-photo-2977581.jpeg?auto=compress&cs=tinysrgb&w=800	Yes	masculine	feminine		Thomas
OP_228	office	financial	advisor	advisee	https://images.pexels.com/photos/2977513/pexels-photo-2977513.jpeg?auto=compress&cs=tinysrgb&w=800	Yes	masculine	feminine		Thomas
OP_229	office	financial	advisor	advisee	https://images.pexels.com/photos/4427903/pexels-photo-4427903.jpeg?auto=compress&cs=tinysrgb&w=1260&h=750&dpr=2	Yes	masculine	feminine		Thomas
OP_230	office	financial	advisor	advisee	https://images.pexels.com/photos/7648506/pexels-photo-7648506.jpeg?auto=compress&cs=tinysrgb&w=800	Yes	masculine	feminine		Thomas
OP_231	office	financial	advisor	advisee	https://images.pexels.com/photos/8519082/pexels-photo-8519082.jpeg?auto=compress&cs=tinysrgb&w=800	Yes	feminine	masculine		Thomas
OP_232	office	financial	advisor	advisee	https://images.pexels.com/photos/6829474/pexels-photo-6829474.jpeg?auto=compress&cs=tinysrgb&w=800	Yes	feminine	masculine		Thomas
OP_233	office	financial	advisor	advisee	https://images.pexels.com/photos/7433826/pexels-photo-7433826.jpeg?auto=compress&cs=tinysrgb&w=800	Yes	feminine	masculine		Thomas
OP_234	office	financial	advisor	advisee	https://images.pexels.com/photos/5325104/pexels-photo-5325104.jpeg?auto=compress&cs=tinysrgb&w=800	Yes	feminine	masculine		Thomas
OP_235	office	financial	advisor	advisee	https://images.pexels.com/photos/4049960/pexels-photo-4049960.jpeg?auto=compress&cs=tinysrgb&w=800	Yes	feminine	masculine		Thomas
OP_236	office	financial	advisor	advisee	https://images.pexels.com/photos/8067904/pexels-photo-8067904.jpeg?auto=compress&cs=tinysrgb&w=800	Yes	feminine	feminine		Thomas
OP_237	office	financial	advisor	advisee	https://images.pexels.com/photos/4063789/pexels-photo-4063789.jpeg?auto=compress&cs=tinysrgb&w=800	Yes	feminine	feminine		Thomas
OP_238	office	financial	advisor	advisee	https://images.pexels.com/photos/601170/pexels-photo-601170.jpeg?auto=compress&cs=tinysrgb&w=800	Yes	feminine	feminine		Thomas
OP_239	office	financial	advisor	advisee	https://images.pexels.com/photos/1181712/pexels-photo-1181712.jpeg?auto=compress&cs=tinysrgb&w=800	Yes	feminine	feminine		Thomas
OP_240	office	financial	advisor	advisee	https://images.pexels.com/photos/1181615/pexels-photo-1181615.jpeg?auto=compress&cs=tinysrgb&w=800	Yes	feminine	feminine		Thomas
OP_241	office	structure	architect	client	https://images.pexels.com/photos/6285128/pexels-photo-6285128.jpeg?auto=compress&cs=tinysrgb&w=1260&h=750&dpr=2	Yes	masculine	masculine		Thomas
OP_242	office	structure	architect	client	https://images.pexels.com/photos/6285152/pexels-photo-6285152.jpeg?auto=compress&cs=tinysrgb&w=1260&h=750&dpr=2	Yes	masculine	masculine		Thomas
OP_243	office	structure	architect	client	https://archipreneur.com/wp-content/uploads/2016/08/Cabin-Spacey6.jpg	Yes	masculine	masculine		Thomas
OP_244	office	structure	architect	client	https://www.tbd.community/sites/default/files/cabin_spacey_founders.jpg	Yes	masculine	masculine		Thomas
OP_245	office	structure	architect	client	https://live.staticflickr.com/7226/7205697304_3735a08e19_b.jpg	Yes	masculine	masculine		Thomas
OP_246	office	structure	architect	client	https://live.staticflickr.com/2091/2329756104_35e38b363d_k.jpg	Yes	masculine	feminine		Thomas
OP_247	office	structure	architect	client	https://images.pexels.com/photos/6322361/pexels-photo-6322361.jpeg?auto=compress&cs=tinysrgb&w=1260&h=750&dpr=2	Yes	masculine	feminine		Thomas
OP_248	office	structure	architect	client	https://images.pexels.com/photos/5582590/pexels-photo-5582590.jpeg?auto=compress&cs=tinysrgb&w=1260&h=750&dpr=2	Yes	masculine	feminine		Thomas
OP_249	office	structure	architect	client	https://images.pexels.com/photos/10375912/pexels-photo-10375912.jpeg	Yes	masculine	feminine		Thomas
OP_250	office	structure	architect	client	https://images.pexels.com/photos/9052545/pexels-photo-9052545.jpeg?auto=compress&cs=tinysrgb&w=1260&h=750&dpr=2	Yes	masculine	feminine		Thomas
OP_251	office	structure	architect	client	https://images.pexels.com/photos/6322392/pexels-photo-6322392.jpeg	Yes	feminine	masculine		Thomas
OP_252	office	structure	architect	client	https://images.pexels.com/photos/8961300/pexels-photo-8961300.jpeg?auto=compress&cs=tinysrgb&w=1260&h=750&dpr=2	Yes	feminine	masculine		Thomas
OP_253	office	structure	architect	client	https://images.pexels.com/photos/8482821/pexels-photo-8482821.jpeg?auto=compress&cs=tinysrgb&w=800	Yes	feminine	masculine		Thomas
OP_254	office	structure	architect	client	https://images.pexels.com/photos/8961291/pexels-photo-8961291.jpeg?auto=compress&cs=tinysrgb&w=1260&h=750&dpr=2	Yes	feminine	masculine		Thomas
OP_255	office	structure	architect	client	https://images.pexels.com/photos/4977354/pexels-photo-4977354.jpeg?auto=compress&cs=tinysrgb&w=1260&h=750&dpr=2	Yes	feminine	masculine		Thomas
OP_256	office	structure	architect	client	https://images.pexels.com/photos/9405477/pexels-photo-9405477.jpeg?auto=compress&cs=tinysrgb&w=1260&h=750&dpr=2	Yes	feminine	feminine		Thomas
OP_257	office	structure	architect	client	https://images.pexels.com/photos/9049749/pexels-photo-9049749.jpeg?auto=compress&cs=tinysrgb&w=800	Yes	feminine	feminine		Thomas
OP_258	office	structure	architect	client	https://images.pexels.com/photos/9049783/pexels-photo-9049783.jpeg?auto=compress&cs=tinysrgb&w=800	Yes	feminine	feminine		Thomas
OP_259	office	structure	architect	client	https://images.pexels.com/photos/8902365/pexels-photo-8902365.jpeg?auto=compress&cs=tinysrgb&w=1260&h=750&dpr=2	Yes	feminine	feminine		Thomas
OP_260	office	structure	architect	client	https://images.pexels.com/photos/7550448/pexels-photo-7550448.jpeg?auto=compress&cs=tinysrgb&w=1260&h=750&dpr=2	Yes	feminine	feminine		Thomas
OP_261	office	structure	engineer	client	https://images.pexels.com/photos/7988742/pexels-photo-7988742.jpeg?auto=compress&cs=tinysrgb&w=800	Yes	masculine	masculine		Thomas
OP_262	office	structure	engineer	client	https://images.pexels.com/photos/6609459/pexels-photo-6609459.jpeg?auto=compress&cs=tinysrgb&w=1260&h=750&dpr=2	Yes	masculine	masculine		Thomas
OP_263	office	structure	engineer	client	https://images.pexels.com/photos/3285200/pexels-photo-3285200.jpeg?auto=compress&cs=tinysrgb&w=800	Yes	masculine	masculine		Thomas
OP_264	office	structure	engineer	client	https://images.pexels.com/photos/3747115/pexels-photo-3747115.jpeg?auto=compress&cs=tinysrgb&w=800	Yes	masculine	masculine		Thomas
OP_265	office	structure	engineer	client	https://images.pexels.com/photos/7109094/pexels-photo-7109094.jpeg?auto=compress&cs=tinysrgb&w=800	Yes	masculine	masculine		Thomas
OP_266	office	structure	engineer	client	https://images.pexels.com/photos/8837547/pexels-photo-8837547.jpeg?auto=compress&cs=tinysrgb&w=800	Yes	masculine	feminine		Thomas
OP_267	office	structure	engineer	client	https://images.pexels.com/photos/6248948/pexels-photo-6248948.jpeg?auto=compress&cs=tinysrgb&w=800	Yes	masculine	feminine		Thomas
OP_268	office	structure	engineer	client	https://images.pexels.com/photos/6609394/pexels-photo-6609394.jpeg?auto=compress&cs=tinysrgb&w=800	Yes	masculine	feminine		Thomas
OP_269	office	structure	engineer	client	https://images.pexels.com/photos/12903150/pexels-photo-12903150.jpeg?auto=compress&cs=tinysrgb&w=1260&h=750&dpr=2	Yes	masculine	feminine		Thomas
OP_270	office	structure	engineer	client	https://images.pexels.com/photos/8204357/pexels-photo-8204357.jpeg?auto=compress&cs=tinysrgb&w=800	Yes	masculine	feminine		Thomas
OP_271	office	structure	engineer	client	https://images.pexels.com/photos/2422276/pexels-photo-2422276.jpeg?auto=compress&cs=tinysrgb&w=800	Yes	feminine	masculine		Thomas
OP_272	office	structure	engineer	client	https://images.pexels.com/photos/4065158/pexels-photo-4065158.jpeg?auto=compress&cs=tinysrgb&w=800	Yes	feminine	masculine		Thomas
OP_273	office	structure	engineer	client	https://images.pexels.com/photos/8192012/pexels-photo-8192012.jpeg?auto=compress&cs=tinysrgb&w=800	Yes	feminine	masculine		Thomas
OP_274	office	structure	engineer	client	https://images.pexels.com/photos/9869636/pexels-photo-9869636.jpeg?auto=compress&cs=tinysrgb&w=800	Yes	feminine	masculine		Thomas
OP_275	office	structure	engineer	client	https://images.pexels.com/photos/7675084/pexels-photo-7675084.jpeg?auto=compress&cs=tinysrgb&w=800	Yes	feminine	masculine		Thomas
OP_276	office	structure	engineer	client	https://images.pexels.com/photos/4063797/pexels-photo-4063797.jpeg?auto=compress&cs=tinysrgb&w=800	Yes	feminine	feminine		Thomas
OP_277	office	structure	engineer	client	https://images.pexels.com/photos/8640146/pexels-photo-8640146.jpeg?auto=compress&cs=tinysrgb&w=800	Yes	feminine	feminine		Thomas
OP_278	office	structure	engineer	client	https://images.pexels.com/photos/7984723/pexels-photo-7984723.jpeg?auto=compress&cs=tinysrgb&w=800	Yes	feminine	feminine		Thomas
OP_279	office	structure	engineer	client	https://images.pexels.com/photos/1181263/pexels-photo-1181263.jpeg?auto=compress&cs=tinysrgb&w=800	Yes	feminine	feminine		Thomas
OP_280	office	structure	engineer	client	https://images.pexels.com/photos/3194524/pexels-photo-3194524.jpeg?auto=compress&cs=tinysrgb&w=800	Yes	feminine	feminine		Thomas
OP_281	office	general_office	supervisor	employee	https://images.pexels.com/photos/5439428/pexels-photo-5439428.jpeg?auto=compress&cs=tinysrgb&w=1260&h=750&dpr=2	Yes	masculine	masculine		Thomas
OP_282	office	general_office	supervisor	employee	https://pixnio.com/free-images/people/male-men/employees-discuss-in-office-725x483.jpg	Yes	masculine	masculine		Thomas
OP_283	office	general_office	supervisor	employee	https://images.pexels.com/photos/2182981/pexels-photo-2182981.jpeg?auto=compress&cs=tinysrgb&w=800	Yes	masculine	masculine		Thomas
OP_284	office	general_office	supervisor	employee	https://images.pexels.com/photos/7693099/pexels-photo-7693099.jpeg?auto=compress&cs=tinysrgb&w=1260&h=750&dpr=2	Yes	masculine	masculine		Thomas
OP_285	office	general_office	supervisor	employee	https://images.pexels.com/photos/7581130/pexels-photo-7581130.jpeg?auto=compress&cs=tinysrgb&w=1260&h=750&dpr=2	Yes	masculine	masculine		Thomas
OP_286	office	general_office	supervisor	employee	https://images.pexels.com/photos/1647905/pexels-photo-1647905.jpeg?auto=compress&cs=tinysrgb&w=1260&h=750&dpr=2	Yes	masculine	feminine		Thomas
OP_287	office	general_office	supervisor	employee	https://pixahive.com/wp-content/uploads/2020/10/Boss-explaining-work-to-employee-130951-pixahive.jpg	Yes	masculine	feminine		Thomas
OP_288	office	general_office	supervisor	employee	https://pixahive.com/wp-content/uploads/2020/10/Boss-happy-with-the-employee-performance-126866-pixahive.jpg	Yes	masculine	feminine		Thomas
OP_289	office	general_office	supervisor	employee	https://images.pexels.com/photos/8297487/pexels-photo-8297487.jpeg?auto=compress&cs=tinysrgb&w=1260&h=750&dpr=2	Yes	masculine	feminine		Thomas
OP_290	office	general_office	supervisor	employee	https://images.pexels.com/photos/8204320/pexels-photo-8204320.jpeg?auto=compress&cs=tinysrgb&w=1260&h=750&dpr=2	Yes	masculine	feminine		Thomas
OP_291	office	general_office	supervisor	employee	https://images.pexels.com/photos/12903181/pexels-photo-12903181.jpeg?auto=compress&cs=tinysrgb&w=800	Yes	feminine	masculine		Thomas
OP_292	office	general_office	supervisor	employee	https://images.pexels.com/photos/2977547/pexels-photo-2977547.jpeg?auto=compress&cs=tinysrgb&w=1260&h=750&dpr=2	Yes	feminine	masculine		Thomas
OP_293	office	general_office	supervisor	employee	https://live.staticflickr.com/8722/16552970874_602b9e1f9a_b.jpg	Yes	feminine	masculine		Thomas
OP_294	office	general_office	supervisor	employee	https://images.pexels.com/photos/4427547/pexels-photo-4427547.jpeg?auto=compress&cs=tinysrgb&w=1260&h=750&dpr=2	Yes	feminine	masculine		Thomas
OP_295	office	general_office	supervisor	employee	https://images.pexels.com/photos/5668844/pexels-photo-5668844.jpeg?auto=compress&cs=tinysrgb&w=1260&h=750&dpr=2	Yes	feminine	masculine		Thomas
OP_296	office	general_office	supervisor	employee	https://images.pexels.com/photos/12902864/pexels-photo-12902864.jpeg?auto=compress&cs=tinysrgb&w=1260&h=750&dpr=2	Yes	feminine	feminine		Thomas
OP_297	office	general_office	supervisor	employee	https://images.pexels.com/photos/8554280/pexels-photo-8554280.jpeg?auto=compress&cs=tinysrgb&w=1260&h=750&dpr=2	Yes	feminine	feminine		Thomas
OP_298	office	general_office	supervisor	employee	https://images.pexels.com/photos/8424464/pexels-photo-8424464.jpeg?auto=compress&cs=tinysrgb&w=1260&h=750&dpr=2	Yes	feminine	feminine		Thomas
OP_299	office	general_office	supervisor	employee	https://images.pexels.com/photos/8067938/pexels-photo-8067938.jpeg?auto=compress&cs=tinysrgb&w=1260&h=750&dpr=2	Yes	feminine	feminine		Thomas
OP_300	office	general_office	supervisor	employee	https://images.pexels.com/photos/8067824/pexels-photo-8067824.jpeg?auto=compress&cs=tinysrgb&w=1260&h=750&dpr=2	Yes	feminine	feminine		Thomas
OP_301	retail	customer_facing	clerk	customer	https://images.pexels.com/photos/1325735/pexels-photo-1325735.jpeg?auto=compress&cs=tinysrgb&w=1260&h=750&dpr=1	Yes	masculine	masculine		Hannah
OP_302	retail	customer_facing	clerk	customer	https://cdn4.picryl.com/photo/2019/09/18/howard-fulcher-waits-on-customer-luke-martin-485608-1024.jpg	Yes	masculine	masculine		Hannah
OP_303	retail	customer_facing	clerk	customer	https://images.pexels.com/photos/8422720/pexels-photo-8422720.jpeg	Yes	masculine	masculine		Hannah
OP_304	retail	customer_facing	clerk	customer	https://live.staticflickr.com/1663/25726927105_56355cdc60_b.jpg	Yes	masculine	masculine		Hannah
OP_305	retail	customer_facing	clerk	customer	https://cdn2.picryl.com/photo/2020/03/31/christian-maldonado-a-cashier-at-the-galaxy-grill-363f1d-1600.jpg	Yes	masculine	masculine		Hannah
OP_306	retail	customer_facing	clerk	customer	https://images.pexels.com/photos/8422717/pexels-photo-8422717.jpeg	Yes	masculine	feminine		Hannah
OP_307	retail	customer_facing	clerk	customer	https://cdn4.picryl.com/photo/1938/01/01/making-a-purchase-in-cooperative-stores-lake-dick-project-arkansas-889f28-1600.jpg	Yes	masculine	feminine		Hannah
OP_308	retail	customer_facing	clerk	customer	https://live.staticflickr.com/91/207672780_9543b887ce_b.jpg	Yes	masculine	feminine		Hannah
OP_309	retail	customer_facing	clerk	customer	https://c.pxhere.com/photos/1e/03/bojanmustur_bojanmustur_com_bojanmusturphoto_doha_facesofdoha_facesofqatar_qatar-1609302.jpg!d	Yes	masculine	feminine		Hannah
OP_310	retail	customer_facing	clerk	customer	https://images.pexels.com/photos/7667454/pexels-photo-7667454.jpeg?auto=compress&cs=tinysrgb&w=1260&h=750&dpr=1	Yes	masculine	feminine		Hannah
OP_311	retail	customer_facing	clerk	customer	https://cdn2.picryl.com/photo/2020/04/10/a-cashier-wears-a-face-covering-while-finalizing-an-ca714d-1024.jpg	Yes	feminine	masculine		Hannah
OP_312	retail	customer_facing	clerk	customer	https://cdn10.picryl.com/photo/1994/12/01/a-us-military-female-officer-pays-the-commissary-store-clerk-for-items-purchased-c18e86-1024.jpg	Yes	feminine	masculine		Hannah
OP_313	retail	customer_facing	clerk	customer	https://images.pexels.com/photos/9050571/pexels-photo-9050571.jpeg?auto=compress&cs=tinysrgb&w=1260&h=750&dpr=1	Yes	feminine	masculine		Hannah
OP_314	retail	customer_facing	clerk	customer	https://encrypted-tbn0.gstatic.com/images?q=tbn:ANd9GcQhU0DMs2Le-uyjLMf4r25jNrJNBZj5fDMxgw&usqp=CAU	Yes	feminine	masculine		Hannah
OP_315	retail	customer_facing	clerk	customer	https://cdn14.picryl.com/photo/2011/02/11/ships-serviceman-seaman-xochitl-romero-serves-a-customer-in-the-ships-store-891188-1024.jpg	Yes	feminine	masculine		Hannah
OP_316	retail	customer_facing	clerk	customer	https://images.pexels.com/photos/6545445/pexels-photo-6545445.jpeg?auto=compress&cs=tinysrgb&w=1260&h=750&dpr=1	Yes	feminine	feminine		Hannah
OP_317	retail	customer_facing	clerk	customer	https://upload.wikimedia.org/wikipedia/commons/5/53/08-21-1949_06464_Foekje_Dillema_%285580664102%29.jpg	Yes	feminine	feminine		Hannah
OP_318	retail	customer_facing	clerk	customer	https://live.staticflickr.com/5813/22608448685_97da16804f_b.jpg	Yes	feminine	feminine		Hannah
OP_319	retail	customer_facing	clerk	customer	https://cdn2.picryl.com/photo/2019/03/26/brandi-spriggs-a-cashier-contractor-takes-the-meal-08116e-1024.jpg	Yes	feminine	feminine		Hannah
OP_320	retail	customer_facing	clerk	customer	https://images.pexels.com/photos/4921253/pexels-photo-4921253.jpeg?auto=compress&cs=tinysrgb&w=1260&h=750&dpr=1	Yes	feminine	feminine		Hannah
OP_321	retail	customer_facing	manager	customer	https://images.pexels.com/photos/6127097/pexels-photo-6127097.jpeg?auto=compress&cs=tinysrgb&w=1260&h=750&dpr=2	Yes	masculine	masculine		Hannah
OP_322	retail	customer_facing	manager	customer	https://images.pexels.com/photos/8815880/pexels-photo-8815880.jpeg?auto=compress&cs=tinysrgb&w=1260&h=750&dpr=2	Yes	masculine	masculine		Hannah
OP_323	retail	customer_facing	manager	customer	https://images.pexels.com/photos/7578899/pexels-photo-7578899.jpeg?auto=compress&cs=tinysrgb&w=1260&h=750&dpr=2	Yes	masculine	masculine		Hannah
OP_324	retail	customer_facing	manager	customer	https://images.pexels.com/photos/3783585/pexels-photo-3783585.jpeg?auto=compress&cs=tinysrgb&w=1260&h=750&dpr=2	Yes	masculine	masculine		Hannah
OP_325	retail	customer_facing	manager	customer	https://images.pexels.com/photos/2182981/pexels-photo-2182981.jpeg?auto=compress&cs=tinysrgb&w=1260&h=750&dpr=2	Yes	masculine	masculine		Hannah
OP_326	retail	customer_facing	manager	customer	https://images.pexels.com/photos/5668855/pexels-photo-5668855.jpeg?auto=compress&cs=tinysrgb&w=1260&h=750&dpr=2	Yes	masculine	feminine		Hannah
OP_327	retail	customer_facing	manager	customer	https://images.pexels.com/photos/6281462/pexels-photo-6281462.jpeg?auto=compress&cs=tinysrgb&w=1260&h=750&dpr=2	Yes	masculine	feminine		Hannah
OP_328	retail	customer_facing	manager	customer	https://images.pexels.com/photos/7578991/pexels-photo-7578991.jpeg?auto=compress&cs=tinysrgb&w=1260&h=750&dpr=2	Yes	masculine	feminine		Hannah
OP_329	retail	customer_facing	manager	customer	https://encrypted-tbn0.gstatic.com/images?q=tbn:ANd9GcR3QyW_9mOv47og8eqmc-Ti0KzuQA4cbeSpJg&usqp=CAU	Yes	masculine	feminine		Hannah
OP_330	retail	customer_facing	manager	customer	https://images.pexels.com/photos/8293653/pexels-photo-8293653.jpeg?auto=compress&cs=tinysrgb&w=1260&h=750&dpr=2	Yes	masculine	feminine		Hannah
OP_331	retail	customer_facing	manager	customer	https://images.pexels.com/photos/8292817/pexels-photo-8292817.jpeg?auto=compress&cs=tinysrgb&w=1260&h=750&dpr=2	Yes	feminine	masculine		Hannah
OP_332	retail	customer_facing	manager	customer	https://images.pexels.com/photos/7415050/pexels-photo-7415050.jpeg?auto=compress&cs=tinysrgb&w=1260&h=750&dpr=2	Yes	feminine	masculine		Hannah
OP_333	retail	customer_facing	manager	customer	https://gidpostrahovke.ru/wp-content/uploads/2019/11/alfastrahovaniye-ipoteki-7-1024x682.jpg	Yes	feminine	masculine		Hannah
OP_334	retail	customer_facing	manager	customer	https://images.pexels.com/photos/4343451/pexels-photo-4343451.jpeg?auto=compress&cs=tinysrgb&w=1260&h=750&dpr=2	Yes	feminine	masculine		Hannah
OP_335	retail	customer_facing	manager	customer	https://images.pexels.com/photos/5699479/pexels-photo-5699479.jpeg?auto=compress&cs=tinysrgb&w=1260&h=750&dpr=2	Yes	feminine	masculine		Hannah
OP_336	retail	customer_facing	manager	customer	https://images.pexels.com/photos/8962527/pexels-photo-8962527.jpeg?auto=compress&cs=tinysrgb&w=1260&h=750&dpr=2	Yes	feminine	feminine		Hannah
OP_337	retail	customer_facing	manager	customer	https://images.pexels.com/photos/2041393/pexels-photo-2041393.jpeg?auto=compress&cs=tinysrgb&w=1260&h=750&dpr=2	Yes	feminine	feminine		Hannah
OP_338	retail	customer_facing	manager	customer	https://images.pexels.com/photos/6457574/pexels-photo-6457574.jpeg?auto=compress&cs=tinysrgb&w=1260&h=750&dpr=2	Yes	feminine	feminine		Hannah
OP_339	retail	customer_facing	manager	customer	https://images.pexels.com/photos/5668511/pexels-photo-5668511.jpeg?auto=compress&cs=tinysrgb&w=1260&h=750&dpr=2	Yes	feminine	feminine		Hannah
OP_340	retail	customer_facing	manager	customer	https://images.pexels.com/photos/7267385/pexels-photo-7267385.jpeg?auto=compress&cs=tinysrgb&w=1260&h=750&dpr=2	Yes	feminine	feminine		Hannah
OP_341	service	food_service	baker	customer	https://img.freepik.com/vrije-photo/oudere-bebaarde-bakker-die-brood-aan-zijn-klant-geeft_130388-1741.jpg?size=626&ext=jpg	Yes	masculine	masculine		Fernanda
OP_342	service	food_service	baker	customer	http://estaticos02.cache.el-mundo.net/elmundo/imagenes/2012/10/05/economia/1349445062_extras_ladillos_2_0.jpg	Yes	masculine	masculine		Fernanda
OP_343	service	food_service	baker	customer	https://t3.ftcdn.net/jpg/01/16/70/68/360_F_116706866_d5NIahVwqjGMHgoORTnP9NgRAHbIvM9O.jpg	Yes	masculine	masculine		Fernanda
OP_344	service	food_service	baker	customer	https://images.ladepeche.fr/api/v1/images/view/5e86a9cad286c2430c0fd215/large/image.jpg?v=1	Yes	masculine	masculine		Fernanda
OP_345	service	food_service	baker	customer	https://icdn.ensonhaber.com/resimler/diger/kok/2021/09/03/kizilay_5882.jpg	Yes	masculine	masculine		Fernanda
OP_346	service	food_service	baker	customer	https://static.wixstatic.com/media/11062b_e51d5bdbc8794e3c9309c2a123b1ad5f~mv2.jpg/v1/fill/w_491,h_327,al_c,q_80,usm_0.66_1.00_0.01/11062b_e51d5bdbc8794e3c9309c2a123b1ad5f~mv2.jpg	Yes	masculine	feminine		Fernanda
OP_347	service	food_service	baker	customer	https://www.condexatedenbay.com/upload/6/ab/6ab6a06eb3fe69dacdac3ffd79ef6812.jpg	Yes	masculine	feminine		Fernanda
OP_348	service	food_service	baker	customer	https://web.static-rmg.be/if/c_crop,w_1000,h_666,x_0,y_0,g_center/c_fit,w_620,h_412/08d9a7e1ef05a9ca4e43e2312d3cb6e8.jpg	Yes	masculine	feminine		Fernanda
OP_349	service	food_service	baker	customer	https://images.squarespace-cdn.com/content/5685323a5a5668c115f1df42/1525084021596-VJZVCAGCC16TNAZJJHB4/Copenhagen+Coffee+Lab+and+Bakery+019.jpg?format=1000w&content-type=image%2Fjpeg	Yes	masculine	feminine		Fernanda
OP_350	service	food_service	baker	customer	https://tel.img.pmdstatic.net/fit/https.3A.2F.2Fprd2-tel-epg-img.2Es3-eu-west-1.2Eamazonaws.2Ecom.2Fprogram.2F46c78579e1d5f358.2Ejpg/630x355/quality/80/les-aventures-culinaires-de-sarah-wiener-dans-les-alpes.jpg	Yes	masculine	feminine		Fernanda
OP_351	service	food_service	baker	customer	https://assets.simpleviewinc.com/simpleview/image/upload/c_fill,h_400,q_75,w_610/v1/clients/southwestontario/The_Good_Bread_Company_shopping_610_by_400_15f51d2b-9d9b-4b7a-a8f7-efe4adcd70a0.jpg	Yes	feminine	masculine		Fernanda
OP_352	service	food_service	baker	customer	https://bloximages.chicago2.vip.townnews.com/dailyjournalonline.com/content/tncms/assets/v3/editorial/5/52/55203d24-5b3c-502b-ae02-9cef3d7e6e64/5d925dd38e45e.image.jpg?resize=1200%2C800	Yes	feminine	masculine		Fernanda
OP_353	service	food_service	baker	customer	https://g.acdn.no/obscura/API/dynamic/r1/ece5/tr_480_319_l_f/0000/oppl/2018/11/29/9/BB_01-02-DSC_0413.jpg?chk=3ACB8C	Yes	feminine	masculine		Fernanda
OP_354	service	food_service	baker	customer	https://www.hubcitytimes.com/wp-content/uploads/2017/05/BUS-Bakery-1-170503-1024x768.jpg	Yes	feminine	masculine		Fernanda
OP_355	service	food_service	baker	customer	https://images.pexels.com/photos/4921271/pexels-photo-4921271.jpeg?auto=compress&cs=tinysrgb&w=1260&h=750&dpr=1	Yes	feminine	masculine		Fernanda
OP_356	service	food_service	baker	customer	https://www.infovarejo.com.br/wp-content/uploads/2017/05/AMIS-oferece-curso-sobre-oportunidade-de-vendas-no-atendimento-ao-cliente740x360.jpg	Yes	feminine	feminine		Fernanda
OP_357	service	food_service	baker	customer	https://t2.ftcdn.net/jpg/00/45/15/45/240_F_45154564_7FfXB4duK5WV1HSGDFw93969tWhG8qv6.jpg	Yes	feminine	feminine		Fernanda
OP_358	service	food_service	baker	customer	https://hercanberra.com.au/wp-content/uploads/2020/02/Ainslie-Bakery_feature.jpg	Yes	feminine	feminine		Fernanda
OP_359	service	food_service	baker	customer	https://imagenes.elpais.com/resizer/FOiNJH74xOTKMRBiUzZxRhElIBA=/414x0/cloudfront-eu-central-1.images.arcpublishing.com/prisa/XPXTS7AILFDKXONSSCJVBFJ5QY.jpg	Yes	feminine	feminine		Fernanda
OP_360	service	food_service	baker	customer	https://images.squarespace-cdn.com/content/524e66c2e4b0bd80688f20c5/1449577376663-MTRCJ87P9C3NRT9JI079/hudik_brod_midvinterglod.jpg?format=1000w&content-type=image%2Fjpeg	Yes	feminine	feminine		Fernanda
OP_361	service	food_service	waiter	patron	https://static2.s-trojmiasto.pl/zdj/c/n/2/1852/300x190/1852365__kr.jpg	Yes	masculine	masculine		Fernanda
OP_362	service	food_service	waiter	patron	https://images.pexels.com/photos/4921156/pexels-photo-4921156.jpeg?auto=compress&cs=tinysrgb&w=800	Yes	masculine	masculine		Fernanda
OP_363	service	food_service	waiter	patron	https://images.pexels.com/photos/8790959/pexels-photo-8790959.jpeg?auto=compress&cs=tinysrgb&w=800	Yes	masculine	masculine		Fernanda
OP_364	service	food_service	waiter	patron	https://i.iplsc.com/gastronomia-poszukuje-pracownikow-kuchni-personelu-sprzataja/0001VO3W1YUBY180-C116-F4.jpg	Yes	masculine	masculine		Fernanda
OP_365	service	food_service	waiter	patron	https://t2.ftcdn.net/jpg/00/68/15/97/240_F_68159770_J5rYZhW98Hg8jEyrbvWTMCkXXBa5RL1a.jpg	Yes	masculine	masculine		Fernanda
OP_366	service	food_service	waiter	patron	https://blog.enafood.gr/wp-content/uploads/2019/07/July_Category-Auxiste-tin-pelateia-sas_-To-humor-stin-exipiretisi-pelaton-696x487.jpg	Yes	masculine	feminine		Fernanda
OP_367	service	food_service	waiter	patron	https://images.pexels.com/photos/8790976/pexels-photo-8790976.jpeg?auto=compress&cs=tinysrgb&w=800	Yes	masculine	feminine		Fernanda
OP_368	service	food_service	waiter	patron	https://images.pexels.com/photos/4920852/pexels-photo-4920852.jpeg?auto=compress&cs=tinysrgb&w=800	Yes	masculine	feminine		Fernanda
OP_369	service	food_service	waiter	patron	https://images.pexels.com/photos/7105164/pexels-photo-7105164.jpeg?auto=compress&cs=tinysrgb&w=800	Yes	masculine	feminine		Fernanda
OP_370	service	food_service	waiter	patron	https://t3.ftcdn.net/jpg/01/44/44/50/240_F_144445059_CMCb0WtwUqeinUV25jNO37T4Stf3uQbw.jpg	Yes	masculine	feminine		Fernanda
OP_371	service	food_service	waiter	patron	https://images.pexels.com/photos/6322507/pexels-photo-6322507.jpeg?auto=compress&cs=tinysrgb&w=800	Yes	feminine	masculine		Fernanda
OP_372	service	food_service	waiter	patron	https://g.denik.cz/46/9e/plzen-restaurace-01_galerie-980.jpg	Yes	feminine	masculine		Fernanda
OP_373	service	food_service	waiter	patron	https://img.freepik.com/vrije-photo/nieuwe-bestelling-vrolijke-vriendelijke-positieve-serveerster-die-aantekeningen-vasthoudt-en-glimlacht-terwijl-ze-luistert-naar-de-bestelling-van-haar-klant_376548-426.jpg?size=626&ext=jpg	Yes	feminine	masculine		Fernanda
OP_374	service	food_service	waiter	patron	https://images.pexels.com/photos/6327561/pexels-photo-6327561.jpeg?auto=compress&cs=tinysrgb&w=800	Yes	feminine	masculine		Fernanda
OP_375	service	food_service	waiter	patron	https://images.pexels.com/photos/8440065/pexels-photo-8440065.jpeg?auto=compress&cs=tinysrgb&w=800&lazy=load	Yes	feminine	masculine		Fernanda
OP_376	service	food_service	waiter	patron	https://images.pexels.com/photos/4350081/pexels-photo-4350081.jpeg?auto=compress&cs=tinysrgb&w=800	Yes	feminine	feminine		Fernanda
OP_377	service	food_service	waiter	patron	https://images.pexels.com/photos/3907080/pexels-photo-3907080.jpeg?auto=compress&cs=tinysrgb&w=800&lazy=load	Yes	feminine	feminine		Fernanda
OP_378	service	food_service	waiter	patron	https://images.pexels.com/photos/6223189/pexels-photo-6223189.jpeg?auto=compress&cs=tinysrgb&w=800&lazy=load	Yes	feminine	feminine		Fernanda
OP_379	service	food_service	waiter	patron	https://images.pexels.com/photos/3800536/pexels-photo-3800536.jpeg?auto=compress&cs=tinysrgb&w=800&lazy=load	Yes	feminine	feminine		Fernanda
OP_380	service	food_service	waiter	patron	https://images.pexels.com/photos/6231618/pexels-photo-6231618.jpeg?auto=compress&cs=tinysrgb&w=800	Yes	feminine	feminine		Fernanda
OP_381	service	food_service	bartender	customer	https://images.pexels.com/photos/9198296/pexels-photo-9198296.jpeg?auto=compress&cs=tinysrgb&w=600	Yes	masculine	masculine		Fernanda
OP_382	service	food_service	bartender	customer	https://images.pexels.com/photos/6284898/pexels-photo-6284898.jpeg?auto=compress&cs=tinysrgb&w=800&lazy=load	Yes	masculine	masculine		Fernanda
OP_383	service	food_service	bartender	customer	https://us.123rf.com/450wm/annbull/annbull1503/annbull150300506/37884693-man-tasting-beer-at-the-bar.jpg	Yes	masculine	masculine		Fernanda
OP_384	service	food_service	bartender	customer	https://t3.ftcdn.net/jpg/04/09/96/56/360_F_409965627_aPKvqHBsTtGTApgWtdNa2JuHzz2NyyXO.jpg	Yes	masculine	masculine		Fernanda
OP_385	service	food_service	bartender	customer	https://trvimg.r10s.jp/share/image_up/408/MIDDLE/4sKT95.jpeg?fit=inside%7C210:210	Yes	masculine	masculine		Fernanda
OP_386	service	food_service	bartender	customer	https://images.pexels.com/photos/4485380/pexels-photo-4485380.jpeg?auto=compress&cs=tinysrgb&w=800	Yes	masculine	feminine		Fernanda
OP_387	service	food_service	bartender	customer	https://images.pexels.com/photos/3771824/pexels-photo-3771824.jpeg?auto=compress&cs=tinysrgb&w=800	Yes	masculine	feminine		Fernanda
OP_388	service	food_service	bartender	customer	https://www.gannett-cdn.com/presto/2020/01/31/PASH/34eb1d21-5094-42c7-ace2-541e83958154-Conundrum_005.JPG?width=540&height=&fit=bounds&auto=webp	Yes	masculine	feminine		Fernanda
OP_389	service	food_service	bartender	customer	https://images.pexels.com/photos/10375856/pexels-photo-10375856.jpeg?auto=compress&cs=tinysrgb&w=600&lazy=load	Yes	masculine	feminine		Fernanda
OP_390	service	food_service	bartender	customer	https://images.pexels.com/photos/5371916/pexels-photo-5371916.jpeg?auto=compress&cs=tinysrgb&w=800	Yes	masculine	feminine		Fernanda
OP_391	service	food_service	bartender	customer	https://images.pexels.com/photos/1267688/pexels-photo-1267688.jpeg?auto=compress&cs=tinysrgb&w=800&lazy=load	Yes	feminine	masculine		Fernanda
OP_392	service	food_service	bartender	customer	https://images.pexels.com/photos/11637700/pexels-photo-11637700.jpeg?auto=compress&cs=tinysrgb&w=800	Yes	feminine	masculine		Fernanda
OP_393	service	food_service	bartender	customer	https://images2.minutemediacdn.com/image/upload/c_fill,g_auto,h_1248,w_2220/f_auto,q_auto,w_1100/v1555438377/shape/mentalfloss/istock_000028843050_small.jpg	Yes	feminine	masculine		Fernanda
OP_394	service	food_service	bartender	customer	https://ml6eywhwdo8s.i.optimole.com/d060Nlk.bAJO~65ae4/w:auto/h:auto/q:auto/https://www.rossfeighery.com/images/blog/BestBars-Blog1/ChiMag-BestBars-5.jpg	Yes	feminine	masculine		Fernanda
OP_395	service	food_service	bartender	customer	https://t4.ftcdn.net/jpg/01/45/83/61/240_F_145836182_tpB7gtb7n4FXTaijZ3g3OXfteZXuuVYd.jpg	Yes	feminine	masculine		Fernanda
OP_396	service	food_service	bartender	customer	https://images.pexels.com/photos/3009757/pexels-photo-3009757.jpeg?auto=compress&cs=tinysrgb&w=800	Yes	feminine	feminine		Fernanda
OP_397	service	food_service	bartender	customer	https://images.pexels.com/photos/10375861/pexels-photo-10375861.jpeg?auto=compress&cs=tinysrgb&w=600&lazy=load	Yes	feminine	feminine		Fernanda
OP_398	service	food_service	bartender	customer	https://cdnmyslo.ru/Photogallery/bb/18/bb18626c-cd0f-4a31-912b-a76053e41789_s.jpg	Yes	feminine	feminine		Fernanda
OP_399	service	food_service	bartender	customer	https://image.freepik.com/free-photo/bartender-woman-with-beer_23-2147680956.jpg	Yes	feminine	feminine		Fernanda
OP_400	service	food_service	bartender	customer	https://pds.exblog.jp/pds/1/201607/23/02/a0050302_2404056.jpg	Yes	feminine	feminine		Fernanda
OP_401	service	fashion	hairdresser	client	https://t3.ftcdn.net/jpg/02/62/82/20/360_F_262822088_dRljvQXmoJ2syNFoQSgts4GecK9yGcDj.jpg	Yes	masculine	masculine		Fernanda
OP_402	service	fashion	hairdresser	client	https://images.pexels.com/photos/10024237/pexels-photo-10024237.jpeg?auto=compress&cs=tinysrgb&w=800&lazy=load	Yes	masculine	masculine		Fernanda
OP_403	service	fashion	hairdresser	client	https://images.pexels.com/photos/1813346/pexels-photo-1813346.jpeg?auto=compress&cs=tinysrgb&w=800	Yes	masculine	masculine		Fernanda
OP_404	service	fashion	hairdresser	client	https://images.pexels.com/photos/1804638/pexels-photo-1804638.jpeg?auto=compress&cs=tinysrgb&w=800	Yes	masculine	masculine		Fernanda
OP_405	service	fashion	hairdresser	client	https://images.pexels.com/photos/331989/pexels-photo-331989.jpeg?auto=compress&cs=tinysrgb&w=800	Yes	masculine	masculine		Fernanda
OP_406	service	fashion	hairdresser	client	https://images.pexels.com/photos/7440127/pexels-photo-7440127.jpeg?auto=compress&cs=tinysrgb&w=800&lazy=load	Yes	masculine	feminine		Fernanda
OP_407	service	fashion	hairdresser	client	https://images.pexels.com/photos/696285/pexels-photo-696285.jpeg?auto=compress&cs=tinysrgb&w=800&lazy=load	Yes	masculine	feminine		Fernanda
OP_408	service	fashion	hairdresser	client	https://images.pexels.com/photos/8468127/pexels-photo-8468127.jpeg?auto=compress&cs=tinysrgb&w=800	Yes	masculine	feminine		Fernanda
OP_409	service	fashion	hairdresser	client	https://images.pexels.com/photos/7603842/pexels-photo-7603842.jpeg?auto=compress&cs=tinysrgb&w=800	Yes	masculine	feminine		Fernanda
OP_410	service	fashion	hairdresser	client	https://images.pexels.com/photos/696287/pexels-photo-696287.jpeg?auto=compress&cs=tinysrgb&w=800	Yes	masculine	feminine		Fernanda
OP_411	service	fashion	hairdresser	client	https://images.pexels.com/photos/7388968/pexels-photo-7388968.jpeg?auto=compress&cs=tinysrgb&w=800&lazy=load	Yes	feminine	masculine		Fernanda
OP_412	service	fashion	hairdresser	client	https://images.pexels.com/photos/6599031/pexels-photo-6599031.jpeg?auto=compress&cs=tinysrgb&w=800	Yes	feminine	masculine		Fernanda
OP_413	service	fashion	hairdresser	client	https://images.pexels.com/photos/6599044/pexels-photo-6599044.jpeg?auto=compress&cs=tinysrgb&w=800	Yes	feminine	masculine		Fernanda
OP_414	service	fashion	hairdresser	client	https://images.pexels.com/photos/7451207/pexels-photo-7451207.jpeg?auto=compress&cs=tinysrgb&w=800	Yes	feminine	masculine		Fernanda
OP_415	service	fashion	hairdresser	client	https://img.freepik.com/free-photo/_7502-1755.jpg?size=626&ext=jpg	Yes	feminine	masculine		Fernanda
OP_416	service	fashion	hairdresser	client	https://images.pexels.com/photos/5368629/pexels-photo-5368629.jpeg?auto=compress&cs=tinysrgb&w=800&lazy=load	Yes	feminine	feminine		Fernanda
OP_417	service	fashion	hairdresser	client	https://images.pexels.com/photos/7755508/pexels-photo-7755508.jpeg?auto=compress&cs=tinysrgb&w=800&lazy=load	Yes	feminine	feminine		Fernanda
OP_418	service	fashion	hairdresser	client	https://images.pexels.com/photos/3993310/pexels-photo-3993310.jpeg?auto=compress&cs=tinysrgb&w=800&lazy=load	Yes	feminine	feminine		Fernanda
OP_419	service	fashion	hairdresser	client	https://images.pexels.com/photos/8834068/pexels-photo-8834068.jpeg?auto=compress&cs=tinysrgb&w=1260&h=750&dpr=2	Yes	feminine	feminine		Fernanda
OP_420	service	fashion	hairdresser	client	https://images.pexels.com/photos/10318057/pexels-photo-10318057.jpeg?auto=compress&cs=tinysrgb&w=800	Yes	feminine	feminine		Fernanda
OP_421	service	animal	veterinarian	client	https://photos.bringfido.com/resources/6/3/5/536/536_113342.jpg?size=tile&amp;density=2x	Yes	masculine	masculine		Fernanda
OP_422	service	animal	veterinarian	client	https://www.vettimes.co.uk/app/uploads/2016/10/Graham-Evans_Willows-visit-2.jpg	Yes	masculine	masculine		Fernanda
OP_423	service	animal	veterinarian	client	https://static.wixstatic.com/media/b2fcf5_f8da3167541f4de7a64b3446e1ea47e5~mv2.jpg/v1/fit/w_676,h_452,q_90/b2fcf5_f8da3167541f4de7a64b3446e1ea47e5~mv2.jpg	Yes	masculine	masculine		Fernanda
OP_424	service	animal	veterinarian	client	https://www.vetvet.lv/wp-content/uploads/2017/12/CJ4B1820-2.jpg	Yes	masculine	masculine		Fernanda
OP_425	service	animal	veterinarian	client	https://gatosyperros.net/wp-content/uploads/2020/08/p1d1r5slt7mrct221q721gk71tvd6.jpg	Yes	masculine	masculine		Fernanda
OP_426	service	animal	veterinarian	client	https://images.pexels.com/photos/6235011/pexels-photo-6235011.jpeg?auto=compress&cs=tinysrgb&w=600	Yes	masculine	feminine		Fernanda
OP_427	service	animal	veterinarian	client	https://images.pexels.com/photos/6234607/pexels-photo-6234607.jpeg?auto=compress&cs=tinysrgb&w=600	Yes	masculine	feminine		Fernanda
OP_428	service	animal	veterinarian	client	https://estaticos.qdq.com/swdata/cache/c3/87/c3876b9f7e44d84c86cb7934df0d53db.jpg	Yes	masculine	feminine		Fernanda
OP_429	service	animal	veterinarian	client	https://static.wixstatic.com/media/f7299a_4f36c691998b4c2eaa2ee269c603e208~mv2.jpg/v1/fill/w_368,h_245,al_c,q_80,usm_0.66_1.00_0.01/f7299a_4f36c691998b4c2eaa2ee269c603e208~mv2.jpg	Yes	masculine	feminine		Fernanda
OP_430	service	animal	veterinarian	client	https://marketingplatform.vivial.net/sites/default/files/styles/400x200/public/content_images/avon-ny-veterinarian.jpg	Yes	masculine	feminine		Fernanda
OP_431	service	animal	veterinarian	client	https://i3-img.7tv.de/pis/ezone/e2b5qgELB38wdEB-ZftIYFPQSp-HxjRVj8ghGONpO6WKv5SP734ruux2HBknDAMAEg1YoXG5GTSzLoX5WM_70sRPRhI6-7AviCsMJfM8DA/profile:mag-max-1280x722?source	Yes	feminine	masculine		Fernanda
OP_432	service	animal	veterinarian	client	https://cdn.shrm.org/image/upload/c_crop%2ch_691%2cw_1229%2cx_3%2cy_106/c_fit%2cf_auto%2cq_auto%2cw_767/v1/Employee%20Relations/iStock-1308372292_rtjc6r?databtoa=eyIxNng5Ijp7IngiOjMsInkiOjEwNiwieDIiOjEyMzIsInkyIjo3OTYsInciOjEyMjksImgiOjY5MX19	Yes	feminine	masculine		Fernanda
OP_433	service	animal	veterinarian	client	https://t1.ftcdn.net/jpg/00/51/00/24/240_F_51002491_crvsw0nFmfm97eP9hcvo2QJDiqrwGW5j.jpg	Yes	feminine	masculine		Fernanda
OP_434	service	animal	veterinarian	client	https://bensvet.com.br/wp-content/uploads/2017/03/O-que-fazer-com-clientes-inativos-Aprenda-aqui-dicas-pr%C3%A1ticas-para-resgat%C3%A1-los.jpg	Yes	feminine	masculine		Fernanda
OP_435	service	animal	veterinarian	client	https://t2.ftcdn.net/jpg/00/51/03/47/240_F_51034795_0WEeUxKvTVZUxoQ72QrDBWPJtYvDc3aT.jpg	Yes	feminine	masculine		Fernanda
OP_436	service	animal	veterinarian	client	https://hvhct.com/wp-content/uploads/2018/10/Veterinary-Internal-Medicine-in-Hebron-CT-3.jpg	Yes	feminine	feminine		Fernanda
OP_437	service	animal	veterinarian	client	http://pictures-of-cats.org/wp-content/uploads/2014/06/veterinary-nurse-training.jpg	Yes	feminine	feminine		Fernanda
OP_438	service	animal	veterinarian	client	https://vashipitomcy.ru/wp-content/uploads/_pu/10/s18248026.jpg	Yes	feminine	feminine		Fernanda
OP_439	service	animal	veterinarian	client	https://encrypted-tbn0.gstatic.com/images?q=tbn:ANd9GcSu0484HCeFnbShtW88M0qiESKqazHsFfvfuw&usqp=CAU	Yes	feminine	feminine		Fernanda
OP_440	service	animal	veterinarian	client	https://marketingplatform.vivial.net/sites/default/files/styles/400x200/public/content_images/veterinarian-waynesboro-va-header.jpg	Yes	feminine	feminine		Fernanda
OP_441	service	household	painter	customer	https://img.freepik.com/foto-gratuito/gli-artisti-creativi-hanno-progettato-uno-studio-colorato-dipinto-su-tela-con-colori-ad-olio-in-studio_146671-2762.jpg?size=626&ext=jpg	Yes	masculine	masculine		Fernanda
OP_442	service	household	painter	customer	https://www.telegraph.co.uk/multimedia/archive/02237/isherwood-illo_2237049b.jpg	Yes	masculine	masculine		Fernanda
OP_443	service	household	painter	customer	https://images.pexels.com/photos/7849190/pexels-photo-7849190.jpeg?auto=compress&cs=tinysrgb&w=800&lazy=load	Yes	masculine	masculine		Fernanda
OP_444	service	household	painter	customer	https://t3.ftcdn.net/jpg/01/35/57/46/240_F_135574675_sspOitUG0ff0xpCDnRnWSwwmK6ibIbB0.jpg	Yes	masculine	masculine		Fernanda
OP_445	service	household	painter	customer	https://t4.ftcdn.net/jpg/02/18/04/81/240_F_218048196_5hGp2cCduNooiWTvqW7NWqhrJmaNlcjg.jpg	Yes	masculine	masculine		Fernanda
OP_446	service	household	painter	customer	https://img.freepik.com/darmowe-zdjecie/malarz-portretow-przy-sztalugach-rysuje-modelke-mezczyzna-artysta-stojacy-w-swoim-miejscu-pracy-tworczy-mistrz-pracuje-w-warsztacie_266732-22606.jpg?size=626&ext=jpg	Yes	masculine	feminine		Fernanda
OP_447	service	household	painter	customer	http://www.dahlgrenfineart.com/images/leah_kristin_dahlgren_with_art_student.jpg	Yes	masculine	feminine		Fernanda
OP_448	service	household	painter	customer	https://t3.ftcdn.net/jpg/02/13/65/58/240_F_213655860_ACqTa6tAtM1ZPqPRCcD93dh2mHU268u7.jpg	Yes	masculine	feminine		Fernanda
OP_449	service	household	painter	customer	https://www.torontohomecareassistance.ca/wp-content/uploads/2018/01/Elder-Painting.jpg	Yes	masculine	feminine		Fernanda
OP_450	service	household	painter	customer	http://www.61saat.com/images/haberler/2017/02/sengul_yavuz_el_sanatlari_ve_resim_kurslarini_ziyaret_etti_h388303_df764.jpg	Yes	masculine	feminine		Fernanda
OP_451	service	household	painter	customer	https://t3.ftcdn.net/jpg/01/79/46/44/240_F_179464449_DGKNovNzenQzh306K3XtxXdCguomejfi.jpg	Yes	feminine	masculine		Fernanda
OP_452	service	household	painter	customer	https://secureimages.teach12.com/tgc/images/m2/wondrium/courses/1671/1671-L04.jpg	Yes	feminine	masculine		Fernanda
OP_453	service	household	painter	customer	https://secureservercdn.net/198.71.233.51/dd5.999.myftpupload.com/wp-content/uploads/2020/04/Create-Art-Studio-Home-page-learning-is-easy.png	Yes	feminine	masculine		Fernanda
OP_454	service	household	painter	customer	https://getusscholarships.com/wp-content/uploads/2015/11/art-scholarships.jpg	Yes	feminine	masculine		Fernanda
OP_455	service	household	painter	customer	https://img.freepik.com/fotos-kostenlos/kuenstler-stillleben-malerei-stadtkonzept-maler-lebensstil-arbeitsprozess_201836-2960.jpg?size=626&ext=jpg	Yes	feminine	masculine		Fernanda
OP_456	service	household	painter	customer	https://img.freepik.com/free-photo/female-student-in-art-class_236854-7927.jpg?size=338&ext=jpg	Yes	feminine	feminine		Fernanda
OP_457	service	household	painter	customer	https://t3.ftcdn.net/jpg/02/26/01/46/240_F_226014673_KJnGDJ3tiDqap768hGywdOYnrHyVrC71.jpg	Yes	feminine	feminine		Fernanda
OP_458	service	household	painter	customer	https://images.pexels.com/photos/5393810/pexels-photo-5393810.jpeg?auto=compress&cs=tinysrgb&dpr=1&w=500	Yes	feminine	feminine		Fernanda
OP_459	service	household	painter	customer	https://t4.ftcdn.net/jpg/01/99/32/21/240_F_199322123_yZ90ZviooxCWaaiMsBA678z9ue8Doo4d.jpg	Yes	feminine	feminine		Fernanda
OP_460	service	household	painter	customer	https://us.123rf.com/450wm/agababjan/agababjan1802/agababjan180200038/94961920-two-girls-in-an-artist-studio-paints-model.jpg?ver=6	Yes	feminine	feminine		Fernanda